number,value,params_mu_ed_assessment_discharge,params_mu_ed_service_time,params_sigma_ed_assessment_discharge,params_sigma_ed_service_time,params_wb_scale_ed_assessment_admit,params_wb_shape_ed_assessment_admit,state,source,timestamp
497,5.233983185054125,4.4993346942259596,4.264785462900756,0.9024540368914856,1.0421246738140941,79.85049103736645,1.5515644746234818,COMPLETE,Optuna DES optimisation,2025-05-30 23:39:24.567732
387,9.642226305309096,4.285789723005464,4.398023814548327,0.8550331999219899,0.7528154114503575,73.85947615756947,1.7524320345423556,COMPLETE,Optuna DES optimisation,2025-05-30 23:39:24.567732
486,9.807869697791602,4.468058265535635,4.310085581899775,0.8775209782359229,0.7780794197854654,80.10145815677456,1.7347636537784736,COMPLETE,Optuna DES optimisation,2025-05-30 23:39:24.567732
481,10.427968896397784,4.476474251404758,4.284196993335778,0.9087674409464371,0.7572557575809673,78.50555551794466,1.7294686422288525,COMPLETE,Optuna DES optimisation,2025-05-30 23:39:24.567732
451,10.794845355646823,4.49925601444339,4.282055399141772,0.959126565849157,0.7845952488366228,82.35424089351734,1.787453333316323,COMPLETE,Optuna DES optimisation,2025-05-30 23:39:24.567732
125,11.5485565188178,4.477667684668241,4.377090209804843,0.9876787923217059,1.188188132074045,84.22477980679639,1.7525867835068014,COMPLETE,Optuna DES optimisation,2025-05-30 23:39:24.567732
142,13.191855955043938,4.4288583932675385,4.311197318293192,0.8534016814357687,0.779832008081589,63.81844055520314,1.787857800990753,COMPLETE,Optuna DES optimisation,2025-05-30 23:39:24.567732
397,14.106562410587731,4.486752892460642,4.384788377352367,0.8688978056948747,0.7532955877347463,78.96857866078058,1.7320776040050105,COMPLETE,Optuna DES optimisation,2025-05-30 23:39:24.567732
455,14.784436391742508,4.467200282325598,4.239703123911929,0.9115765030588676,0.78159722506026,80.0883619628325,1.7989977235641679,COMPLETE,Optuna DES optimisation,2025-05-30 23:39:24.567732
164,14.829227563480417,4.432681618278971,4.272361754641539,0.912701253047093,1.2349582206542995,98.4747023600509,1.7197162759387976,COMPLETE,Optuna DES optimisation,2025-05-30 23:39:24.567732
118,15.021596598715957,4.3942983217171445,4.321065451706013,0.9205139311552518,0.7557890901333688,92.62224831453587,1.7490560978003329,COMPLETE,Optuna DES optimisation,2025-05-30 23:39:24.567732
279,15.343368710909857,4.379818633417691,4.329465853586491,0.9291004962418773,1.204385515943237,96.44975094769642,1.7070990454002746,COMPLETE,Optuna DES optimisation,2025-05-30 23:39:24.567732
442,15.585566844481962,4.468376332014581,4.295383150948056,0.9440728319709739,0.7703654646740181,78.68609685511558,1.747509943986689,COMPLETE,Optuna DES optimisation,2025-05-30 23:39:24.567732
488,16.25439320864275,4.452114527459663,4.290602372356611,0.8865784836303836,0.7837352229901918,79.06904421393581,1.7297293802283504,COMPLETE,Optuna DES optimisation,2025-05-30 23:39:24.567732
380,16.473764061019523,4.279761191691234,4.426403992912271,0.9374105715175903,0.967516082399044,75.18575432415182,1.7720458247077666,COMPLETE,Optuna DES optimisation,2025-05-30 23:39:24.567732
360,16.73689142172031,4.434633747448876,4.307176827371821,0.9115335076779364,1.217945048782655,78.20606772919999,1.7798166427556792,COMPLETE,Optuna DES optimisation,2025-05-30 23:39:24.567732
289,17.039974122540663,4.357642302100519,4.25802284748568,1.014370204320028,0.7503922584175651,119.745685793943,1.7692343612759531,COMPLETE,Optuna DES optimisation,2025-05-30 23:39:24.567732
250,17.08220901791216,4.340285779789387,4.283254412324613,0.9613959537041937,0.7915510095544954,90.76587916925705,1.6343855777663652,COMPLETE,Optuna DES optimisation,2025-05-30 23:39:24.567732
364,17.437103203932516,4.477315261498924,4.277556653101633,0.9075216285193144,1.212048787083609,69.18891041408024,1.7686579249806424,COMPLETE,Optuna DES optimisation,2025-05-30 23:39:24.567732
403,17.63640240478255,4.409006189655295,4.414124878660885,0.8819221505224445,0.7715098948342892,73.09104870499458,1.7434084896345663,COMPLETE,Optuna DES optimisation,2025-05-30 23:39:24.567732
386,17.959873753364306,4.441108782568946,4.398481175332792,0.9347406889478576,0.7502594489789121,74.16772609327872,1.7668146809286385,COMPLETE,Optuna DES optimisation,2025-05-30 23:39:24.567732
320,18.005921824695424,4.342950497216496,4.302474436684621,1.2880552577393365,1.2294098314073245,137.69287334224214,1.6509721101313601,COMPLETE,Optuna DES optimisation,2025-05-30 23:39:24.567732
309,18.406215210568934,4.428816614578684,4.369913621742178,0.8697066399384766,1.182781625575188,89.40123943772713,1.7674913443396174,COMPLETE,Optuna DES optimisation,2025-05-30 23:39:24.567732
499,18.463586290049193,4.479955147845837,4.263378568942799,0.8577747846148688,0.7642698528644196,90.506610934841,1.5507549667289555,COMPLETE,Optuna DES optimisation,2025-05-30 23:39:24.567732
151,18.60253127593627,4.447322125847697,4.441308258061267,0.9733114739475449,1.2137053644400582,65.3396703496562,1.7756935492546697,COMPLETE,Optuna DES optimisation,2025-05-30 23:39:24.567732
99,18.752569219584235,4.377341600433366,4.316517151844454,0.9530124409737992,1.1993308178520192,103.85483445231411,1.7874289930108729,COMPLETE,Optuna DES optimisation,2025-05-30 23:39:24.567732
235,18.84700705607634,4.376571988675302,4.290806530389964,1.2245616390099374,1.0375023137071002,77.53823955766333,1.7375391951085166,COMPLETE,Optuna DES optimisation,2025-05-30 23:39:24.567732
129,19.574998450657688,4.316577424993632,4.335301653449849,0.8036872498858627,0.8578465904406269,79.15052298371316,1.7572142977498053,COMPLETE,Optuna DES optimisation,2025-05-30 23:39:24.567732
124,19.675946212270606,4.315010080853186,4.3188040106707675,0.9785166511152775,0.7576596065809673,84.86324687439469,1.7366197205562044,COMPLETE,Optuna DES optimisation,2025-05-30 23:39:24.567732
149,20.089061550937828,4.445076732217563,4.422172164185936,0.9443264594788365,1.2377745803441262,64.75342191662047,1.752768965295982,COMPLETE,Optuna DES optimisation,2025-05-30 23:39:24.567732
390,20.392749401897795,4.26352913194862,4.396184037363827,0.8417903852279952,0.7616229862568978,73.45388486743303,1.7491180287747243,COMPLETE,Optuna DES optimisation,2025-05-30 23:39:24.567732
98,20.39768501639385,4.372339552742879,4.293081690775475,1.0191922259241057,1.2034775980069516,93.92773573486822,1.771175635430683,COMPLETE,Optuna DES optimisation,2025-05-30 23:39:24.567732
404,20.74471921967557,4.279703677714111,4.413484932998947,0.8575168287422438,0.7743299916269614,70.49371964100614,1.7704613898176609,COMPLETE,Optuna DES optimisation,2025-05-30 23:39:24.567732
204,20.989406668661804,4.442304849165173,4.385570136387536,0.9313348084856116,1.2392915682912538,65.77237726972383,1.7220765814137957,COMPLETE,Optuna DES optimisation,2025-05-30 23:39:24.567732
449,21.15117547455527,4.449455107357136,4.297342292551968,1.0185219055183024,0.9993037651228998,77.50450815800836,1.7345236659290335,COMPLETE,Optuna DES optimisation,2025-05-30 23:39:24.567732
465,21.154886074748834,4.455881384614774,4.277194536941269,0.9334956906724764,0.7937014819376403,76.67672452935993,1.7833738317035872,COMPLETE,Optuna DES optimisation,2025-05-30 23:39:24.567732
426,21.31238223598585,4.343939942594548,4.375877549812669,0.867630909210231,0.7509036174572321,81.85371954923602,1.737686593354986,COMPLETE,Optuna DES optimisation,2025-05-30 23:39:24.567732
163,21.65445858113635,4.425652457588065,4.276700971267013,0.9123465537228728,1.212027808117551,85.67059773177891,1.7329220302367108,COMPLETE,Optuna DES optimisation,2025-05-30 23:39:24.567732
12,21.887679273310138,4.471042249515285,4.1517329552799085,1.1316633493750898,1.1465557205320698,58.818050110675486,1.672648343667051,COMPLETE,Optuna DES optimisation,2025-05-30 23:39:24.567732
197,22.30380360070772,4.291062221166191,4.337190253500896,0.9065273759774923,1.2420505174482548,98.03129880650755,1.7672800225574172,COMPLETE,Optuna DES optimisation,2025-05-30 23:39:24.567732
245,22.34266845329234,4.426156006826435,4.325137058121801,0.9778348836372166,0.7788492134553885,84.6736282627341,1.649593331938241,COMPLETE,Optuna DES optimisation,2025-05-30 23:39:24.567732
453,22.677110098597417,4.4930503109454,4.268708773002613,0.9378232328345981,0.7837104942099452,81.67139726061606,1.7864617435726586,COMPLETE,Optuna DES optimisation,2025-05-30 23:39:24.567732
141,23.154513504319837,4.430633666875276,4.306879202075088,0.9406237066066774,1.2147492294009645,65.93445515210368,1.7892821976434516,COMPLETE,Optuna DES optimisation,2025-05-30 23:39:24.567732
192,23.1744413153986,4.355799775398746,4.35855882888857,1.166823572869699,1.20704862781186,84.81062155459844,1.7256105463854527,COMPLETE,Optuna DES optimisation,2025-05-30 23:39:24.567732
247,23.174680416710963,4.361137719305168,4.290095036637409,0.9611800406273171,0.7956957941392292,87.84020938477526,1.6489188809440536,COMPLETE,Optuna DES optimisation,2025-05-30 23:39:24.567732
135,23.284967481655784,4.363217877356742,4.333283825537097,0.902859409050071,1.1887360038813577,94.75722934839062,1.7210522902861476,COMPLETE,Optuna DES optimisation,2025-05-30 23:39:24.567732
444,23.40424622573892,4.473315771365719,4.2983908120821015,0.98334119956418,0.7513623374559455,79.0468345785673,1.7448396425086163,COMPLETE,Optuna DES optimisation,2025-05-30 23:39:24.567732
91,23.467781012052953,4.413135088170775,4.260664718321255,1.2758925252317586,1.2256969656740038,92.99057628565282,1.7062910664874285,COMPLETE,Optuna DES optimisation,2025-05-30 23:39:24.567732
265,23.631469162910285,4.387158481821782,4.372188991652303,0.9608046019109026,1.2146297025327202,67.3656877791782,1.7358898381433063,COMPLETE,Optuna DES optimisation,2025-05-30 23:39:24.567732
388,23.85822645491897,4.277308243987514,4.399157519942731,0.8684722348895135,0.7546324921264339,75.5322442786682,1.751452189863987,COMPLETE,Optuna DES optimisation,2025-05-30 23:39:24.567732
27,23.910762213319355,4.391955424720921,4.266851187065988,1.3461475460325811,1.1078018844225153,61.11784480666509,1.748350788609655,COMPLETE,Optuna DES optimisation,2025-05-30 23:39:24.567732
213,24.560551983237712,4.462127577027975,4.405822658436139,0.9662794216847452,1.1888589859701513,84.54893884057881,1.7514963302077449,COMPLETE,Optuna DES optimisation,2025-05-30 23:39:24.567732
479,25.45884300293476,4.415587596884015,4.3235303540965475,0.990512538856838,0.7563773029019525,73.6740139031975,1.7832555110976185,COMPLETE,Optuna DES optimisation,2025-05-30 23:39:24.567732
268,25.495316507928422,4.460338062680129,4.38796360907264,0.9362748825005173,1.2249049250562676,67.190116549379,1.7388092472874273,COMPLETE,Optuna DES optimisation,2025-05-30 23:39:24.567732
462,25.747316799034813,4.447625510635918,4.215726801997121,0.926150126265559,0.8243474262724847,77.13351167390515,1.7988987947669783,COMPLETE,Optuna DES optimisation,2025-05-30 23:39:24.567732
108,26.078794553083817,4.374495939355293,4.27988841062089,0.8190232766514489,0.8105298251814499,92.9971189733573,1.7830269422575298,COMPLETE,Optuna DES optimisation,2025-05-30 23:39:24.567732
448,26.55845134856763,4.426454681394211,4.271755194768213,0.9039350091696904,0.7582652095598866,78.93921362547822,1.7554027479043817,COMPLETE,Optuna DES optimisation,2025-05-30 23:39:24.567732
21,26.601631223792047,4.402671447058029,4.255220288809407,1.3761923601334098,1.1073006144846245,61.95688337760082,1.7801856011781245,COMPLETE,Optuna DES optimisation,2025-05-30 23:39:24.567732
339,26.661371990238074,4.36045964492019,4.355643664111481,0.5987587732825191,0.7583932774827997,74.59770032764011,1.735990025845817,COMPLETE,Optuna DES optimisation,2025-05-30 23:39:24.567732
430,26.96741262803842,4.314980966334974,4.418190566402069,0.9133251088440759,0.7965297194390119,68.38183584282042,1.7872484627669025,COMPLETE,Optuna DES optimisation,2025-05-30 23:39:24.567732
284,27.223591609894232,4.4014034401682585,4.348723429716583,0.887234149859425,1.2046908061919657,55.39241924110819,1.6965795799027956,COMPLETE,Optuna DES optimisation,2025-05-30 23:39:24.567732
472,27.242263551258244,4.487571465610562,4.293840475505185,0.9353210311150915,1.1256231285614717,87.14337798611366,1.7595523294089173,COMPLETE,Optuna DES optimisation,2025-05-30 23:39:24.567732
97,27.268608759703532,4.477530822945884,4.288811081892063,1.0298437739798805,1.1968729337838888,80.6226196501762,1.7729913460035491,COMPLETE,Optuna DES optimisation,2025-05-30 23:39:24.567732
23,27.449126743760242,4.4203243028546675,4.339813462722578,1.1857624433010867,1.003936886402858,79.06829122312884,1.6119789834842149,COMPLETE,Optuna DES optimisation,2025-05-30 23:39:24.567732
485,27.78698233969881,4.499934735057865,4.272127080939806,0.8945482919245107,0.7654495687394979,86.066386132235,1.719854391102603,COMPLETE,Optuna DES optimisation,2025-05-30 23:39:24.567732
214,27.877180171413,4.377399000100779,4.4113783239802205,0.9549800387438598,1.1880536409884574,90.1560412164131,1.7489013176348898,COMPLETE,Optuna DES optimisation,2025-05-30 23:39:24.567732
312,27.947713760537415,4.461529181947656,4.308505722015263,0.875632039208324,1.172916104221307,86.65152334090094,1.7669665855351124,COMPLETE,Optuna DES optimisation,2025-05-30 23:39:24.567732
439,28.035656902871988,4.3660496669231685,4.293465865699331,0.8802999148972871,0.782958352341472,68.57068009863725,1.7780650304719716,COMPLETE,Optuna DES optimisation,2025-05-30 23:39:24.567732
336,28.075970787515146,4.425879716085484,4.274667809750555,1.289656482492229,1.191061864906714,121.31686389356516,1.7643180638514087,COMPLETE,Optuna DES optimisation,2025-05-30 23:39:24.567732
467,28.095014993918713,4.47995219009443,4.257554704538335,0.9602214871336628,0.7503074315106945,83.179697221917,1.765452617869275,COMPLETE,Optuna DES optimisation,2025-05-30 23:39:24.567732
409,28.278435597688564,4.275304699287569,4.402341908024477,0.8301837066683962,0.7725279878333515,73.44284776208815,1.76174006864519,COMPLETE,Optuna DES optimisation,2025-05-30 23:39:24.567732
155,28.416930031233335,4.4137455015002045,4.410743569897388,0.833683364057167,1.2187741390368563,59.295798226199075,1.7532927617169638,COMPLETE,Optuna DES optimisation,2025-05-30 23:39:24.567732
254,28.470566878538225,4.316674532975655,4.281257368910096,0.9461398943184676,0.7693469388194734,90.30494028011097,1.6514285319702684,COMPLETE,Optuna DES optimisation,2025-05-30 23:39:24.567732
333,28.52756335782981,4.3415369496524985,4.382229747602643,1.0012881046687925,1.2236821826180437,91.9848429592526,1.7912822562017168,COMPLETE,Optuna DES optimisation,2025-05-30 23:39:24.567732
294,28.529490240293107,4.336763157338513,4.249970242803419,1.018729213476911,0.8865611913475743,90.2245001430915,1.7632325775034612,COMPLETE,Optuna DES optimisation,2025-05-30 23:39:24.567732
63,28.647160163257077,4.46043810847432,4.261576651853339,1.1963910475215256,1.1808057091392974,78.99558329962784,1.7680238692273262,COMPLETE,Optuna DES optimisation,2025-05-30 23:39:24.567732
297,28.765628007479012,4.35655266674152,4.232643394327895,1.0514251021769292,0.767002288579997,105.0115360200215,1.7286918718300455,COMPLETE,Optuna DES optimisation,2025-05-30 23:39:24.567732
496,28.818730426500814,4.421075003217943,4.295037534998816,0.920649393326132,0.7705111536826773,83.60410868418627,1.7343294294279634,COMPLETE,Optuna DES optimisation,2025-05-30 23:39:24.567732
194,28.959744329364597,4.349144008501408,4.3595662581848,0.9359431921695506,1.1824495047538661,88.78397390170066,1.4099835167909431,COMPLETE,Optuna DES optimisation,2025-05-30 23:39:24.567732
90,29.12842045886553,4.41461659894165,4.265913638354869,1.278567065078909,1.222359416098797,92.10048510719142,1.7084220011903384,COMPLETE,Optuna DES optimisation,2025-05-30 23:39:24.567732
144,29.182367987387934,4.3666130827903,4.301717208756899,0.8634400669138174,0.7877650772186126,60.55122523169357,1.7825570721605042,COMPLETE,Optuna DES optimisation,2025-05-30 23:39:24.567732
150,29.28816357845794,4.402307358972488,4.475330120273661,0.9276436035554092,1.2388288319768805,57.51444744324444,1.752103375606587,COMPLETE,Optuna DES optimisation,2025-05-30 23:39:24.567732
232,29.613304480376197,4.395760392192753,4.329828431540973,1.1695205042538717,1.083281198620611,81.8266721703152,1.5325399204714945,COMPLETE,Optuna DES optimisation,2025-05-30 23:39:24.567732
107,29.64890755955896,4.376940405513066,4.275124516039915,0.9303082621773379,0.7513505361903801,86.30237563617459,1.7870056936863037,COMPLETE,Optuna DES optimisation,2025-05-30 23:39:24.567732
470,29.657057539451618,4.454613921940623,4.302622533249804,0.8846765737017209,0.9617382869170618,76.68118949327453,1.4863505458995117,COMPLETE,Optuna DES optimisation,2025-05-30 23:39:24.567732
351,29.82880561478462,4.4334397817405575,4.369576513851875,1.09767241723163,1.198412862689915,103.1407320911145,1.770724826038946,COMPLETE,Optuna DES optimisation,2025-05-30 23:39:24.567732
174,29.86414303411177,4.3608559133981215,4.296322211710877,0.8889261887608584,0.7619944945805159,97.78513409828865,1.720150747968671,COMPLETE,Optuna DES optimisation,2025-05-30 23:39:24.567732
170,29.94454201369578,4.438076308733514,4.275571272023139,0.9676826175383342,1.2156255401431098,91.35654397085695,1.7028555695351393,COMPLETE,Optuna DES optimisation,2025-05-30 23:39:24.567732
175,30.014768591665085,4.392528624395765,4.320621384817047,0.839293985219376,1.2382911922809599,84.74293869899901,1.748658086844931,COMPLETE,Optuna DES optimisation,2025-05-30 23:39:24.567732
420,30.030453827085818,4.273241431097443,4.396616660588557,0.6568095138364923,0.7509690387016987,75.60007210920891,1.7496597482792169,COMPLETE,Optuna DES optimisation,2025-05-30 23:39:24.567732
161,30.06617524290019,4.471230566187765,4.3238074097866654,1.0094984926100306,1.2011215067979897,75.93813518877704,1.7755951870845597,COMPLETE,Optuna DES optimisation,2025-05-30 23:39:24.567732
35,30.368663210658124,4.269285944786577,4.180822984974125,1.0612631114172169,1.1012030166358482,70.98953813876888,1.7363961198156317,COMPLETE,Optuna DES optimisation,2025-05-30 23:39:24.567732
136,30.372433015657123,4.3477515229079575,4.333646500315671,0.954905298939861,0.9288601134559722,95.69929857798441,1.6784188265991844,COMPLETE,Optuna DES optimisation,2025-05-30 23:39:24.567732
147,30.407543338079975,4.326550674639635,4.2834039449750625,0.8459767478833914,0.7637505087584642,101.02210987083272,1.7978767725608358,COMPLETE,Optuna DES optimisation,2025-05-30 23:39:24.567732
123,30.49126204326796,4.428480416654803,4.2532734102687115,0.9440613855490239,0.7938559381894601,78.39187120843614,1.7997098464118417,COMPLETE,Optuna DES optimisation,2025-05-30 23:39:24.567732
198,30.736202574797694,4.281693232094938,4.353917117752348,0.9037412826623167,1.2485792771441193,102.60517113739463,1.7633248143309765,COMPLETE,Optuna DES optimisation,2025-05-30 23:39:24.567732
375,30.945978796455503,4.452680793211303,4.263348016925994,0.8751844324495115,1.1966608031751766,78.43734765890072,1.7441825584854482,COMPLETE,Optuna DES optimisation,2025-05-30 23:39:24.567732
238,31.07547045986614,4.362625063287475,4.266456571961145,1.2212204526955224,1.2130344907768027,87.51975290017565,1.7494246951125216,COMPLETE,Optuna DES optimisation,2025-05-30 23:39:24.567732
324,31.08440097583245,4.30711544634724,4.320491268881186,1.0329786202344293,0.7805125244948008,148.51085040275876,1.6746475165018733,COMPLETE,Optuna DES optimisation,2025-05-30 23:39:24.567732
415,31.47802068705506,4.2905547196974405,4.403684659634969,0.8607585467746696,0.7612462338272424,73.81924537205745,1.785819532765785,COMPLETE,Optuna DES optimisation,2025-05-30 23:39:24.567732
3,31.488182953961186,4.197491739908977,4.149070114200869,1.1176711142748124,1.2274210173250568,84.75144902195241,1.6892431484999997,COMPLETE,Optuna DES optimisation,2025-05-30 23:39:24.567732
445,31.570977480430937,4.477599117501248,4.28666916658698,0.9414229967787557,0.7644013115506022,80.18188697335394,1.7323041497928964,COMPLETE,Optuna DES optimisation,2025-05-30 23:39:24.567732
148,31.589087717882006,4.385396327861857,4.30657250613023,0.9031651800002722,1.191766383564677,68.34763214127422,1.7703234826468441,COMPLETE,Optuna DES optimisation,2025-05-30 23:39:24.567732
217,31.723602670457865,4.432147995693346,4.41663314351447,0.8689577000297292,0.771068240773399,56.59256425534955,1.7569069928489078,COMPLETE,Optuna DES optimisation,2025-05-30 23:39:24.567732
103,31.733841238008484,4.407160101392546,4.343139594017618,1.007747657589791,1.164245101820353,91.98504678763138,1.7980711219902556,COMPLETE,Optuna DES optimisation,2025-05-30 23:39:24.567732
422,31.766432884829083,4.212969350969397,4.4118658987807,0.9025845121655236,0.7732880930206454,77.98279811425535,1.7422695560482755,COMPLETE,Optuna DES optimisation,2025-05-30 23:39:24.567732
319,31.768580416906836,4.280684377434852,4.09080213623294,0.9294216099545135,1.2004873883063738,88.23250214079515,1.6303738560992467,COMPLETE,Optuna DES optimisation,2025-05-30 23:39:24.567732
231,31.81181044085903,4.425024790603565,4.342735226544137,1.2481103908674809,0.92301046168395,72.92991454255223,1.6859381280200112,COMPLETE,Optuna DES optimisation,2025-05-30 23:39:24.567732
114,31.941598049977543,4.371995872480766,4.337852457976406,0.6848645779183422,0.835217567592317,88.21676031109973,1.791847953588195,COMPLETE,Optuna DES optimisation,2025-05-30 23:39:24.567732
384,32.02268536920061,4.26489030443164,4.419047232970497,0.9691115640460614,1.2404002973438184,71.5276236693772,1.777342754173329,COMPLETE,Optuna DES optimisation,2025-05-30 23:39:24.567732
329,32.05048435405971,4.434343678403348,4.3012507217738865,0.973623923858522,0.7710870509519431,99.60268244557274,1.7780204317682948,COMPLETE,Optuna DES optimisation,2025-05-30 23:39:24.567732
183,32.22304697929584,4.4481114372921695,4.3055457533671335,1.0439458338117507,1.2086552422622188,87.10448960012071,1.7540638570270348,COMPLETE,Optuna DES optimisation,2025-05-30 23:39:24.567732
424,32.250048401628014,4.333000612452759,4.422522766473763,0.8980565147112362,0.7591669754140603,66.01160383122135,1.7565334736886025,COMPLETE,Optuna DES optimisation,2025-05-30 23:39:24.567732
342,32.29646233462766,4.3870114969276,4.3446285326572,0.8747932519929102,1.2363330402787334,96.36590925802126,1.761127817575841,COMPLETE,Optuna DES optimisation,2025-05-30 23:39:24.567732
233,32.382953591661675,4.423309630548069,4.35368616929499,1.1416244577153674,1.0116570492418733,62.118151190485676,1.702782213514688,COMPLETE,Optuna DES optimisation,2025-05-30 23:39:24.567732
461,32.38612250646302,4.475149131138605,4.23566920837501,0.9065665430428883,0.7734635523476504,85.44073464874792,1.6020264651541831,COMPLETE,Optuna DES optimisation,2025-05-30 23:39:24.567732
317,32.54132900775723,4.13335134024026,4.314603843951432,0.8754122726965482,0.7665524001500663,96.08563154463063,1.7496660422306392,COMPLETE,Optuna DES optimisation,2025-05-30 23:39:24.567732
239,32.57003198568447,4.338813046895526,4.297725527428366,1.2659836833468534,0.9454527732724026,80.37721642560635,1.7699443701050204,COMPLETE,Optuna DES optimisation,2025-05-30 23:39:24.567732
483,32.76386545406799,4.486521111568853,4.293771218906471,0.7385233978319031,0.7504000558294903,78.95141929358563,1.7092559335903845,COMPLETE,Optuna DES optimisation,2025-05-30 23:39:24.567732
236,33.29713416143429,4.3768298707384075,4.290566140373185,1.200583868662527,1.0536805891915537,76.705318466237,1.7371924181037683,COMPLETE,Optuna DES optimisation,2025-05-30 23:39:24.567732
438,33.33100381771111,4.293127751876018,4.376024546412112,0.9660779512871576,1.07010067099041,75.35282652991788,1.7199380495688554,COMPLETE,Optuna DES optimisation,2025-05-30 23:39:24.567732
273,33.50527821221175,4.448557450808213,4.378367658247463,0.9007734283393795,1.2093437229728412,62.36661698027308,1.7378893444630483,COMPLETE,Optuna DES optimisation,2025-05-30 23:39:24.567732
205,33.59726126282894,4.435187305981417,4.392214180150069,0.9306383803754099,1.2396238030167472,65.68889138658002,1.7178668284130605,COMPLETE,Optuna DES optimisation,2025-05-30 23:39:24.567732
308,33.62677144915836,4.30817021350814,4.316734375581909,0.9544509625590576,0.7594792030285303,83.02399990048661,1.7267003448839597,COMPLETE,Optuna DES optimisation,2025-05-30 23:39:24.567732
433,33.789431812727486,4.2463844835097095,4.400091777123621,0.9237259659451611,0.7506419048673288,66.6197549195248,1.7446269911134742,COMPLETE,Optuna DES optimisation,2025-05-30 23:39:24.567732
74,33.8541103338771,4.4855581090742955,4.11351835663257,1.2848673803690573,1.1758330666191321,68.94020088286729,1.6012390136696588,COMPLETE,Optuna DES optimisation,2025-05-30 23:39:24.567732
177,33.999284154166396,4.4467719067868146,4.30046398664929,0.9173973935981447,1.2087287161949432,94.18423863626042,1.6885973672796935,COMPLETE,Optuna DES optimisation,2025-05-30 23:39:24.567732
39,34.017872845087034,4.390501971775627,4.104410885864101,1.2671779426542802,1.2081485283478894,56.26442689171117,1.2499477118716664,COMPLETE,Optuna DES optimisation,2025-05-30 23:39:24.567732
190,34.16234976669557,4.388252765228908,4.260225367259096,0.9700576256396982,0.9571885563717115,94.89485784629228,1.7572092956267342,COMPLETE,Optuna DES optimisation,2025-05-30 23:39:24.567732
227,34.199555544803424,4.409843215131185,4.378249472544836,1.3519374068904735,0.8631420306283324,65.85253243721505,1.7635311101454967,COMPLETE,Optuna DES optimisation,2025-05-30 23:39:24.567732
406,34.35720761024479,4.26024577123903,4.416297943323853,0.8563720759126459,0.7657128018384757,74.17551023648912,1.757713171849288,COMPLETE,Optuna DES optimisation,2025-05-30 23:39:24.567732
359,34.37528596063565,4.2412945152866275,4.478598849101121,1.1565207973179816,1.2027871631025895,173.68901927951865,1.7324029140225066,COMPLETE,Optuna DES optimisation,2025-05-30 23:39:24.567732
196,34.38124371408025,4.402499298306975,4.429542825340568,1.0269808773205948,1.1936251315820492,83.66141983962545,1.7333497289377753,COMPLETE,Optuna DES optimisation,2025-05-30 23:39:24.567732
104,34.94494828338184,4.277438472276738,4.256703390204131,0.982438013069139,1.1856861892080497,80.39096874060662,1.7636248963892296,COMPLETE,Optuna DES optimisation,2025-05-30 23:39:24.567732
116,34.991594732955726,4.422658289191408,4.2669588586821865,0.8693077294775813,0.7869263798269017,82.22680145478759,1.7276921431073107,COMPLETE,Optuna DES optimisation,2025-05-30 23:39:24.567732
55,35.188850753965326,4.292329001491445,4.160111485520524,1.0339411571269612,1.1564784327550568,123.28454275537973,1.6150579139124475,COMPLETE,Optuna DES optimisation,2025-05-30 23:39:24.567732
19,35.387893986007384,4.39656974705253,4.267302229308144,1.377860363888785,1.1175254582207463,63.25463287993116,1.7792325151225572,COMPLETE,Optuna DES optimisation,2025-05-30 23:39:24.567732
127,35.41004880740365,4.499144213880817,4.321431904566615,0.9984496688914948,0.7819590933834925,74.9934147313093,1.7480415132318865,COMPLETE,Optuna DES optimisation,2025-05-30 23:39:24.567732
389,35.423258138307055,4.06003056643977,4.421614556737567,0.8188388414927251,0.7501158993911031,71.86034853901388,1.7648336572886258,COMPLETE,Optuna DES optimisation,2025-05-30 23:39:24.567732
209,35.49876711779352,4.3259202536028,4.338028944975224,1.1655490297207278,1.2400169723757306,93.2709003614165,1.743544321079163,COMPLETE,Optuna DES optimisation,2025-05-30 23:39:24.567732
258,35.56275244781331,4.2684605966544344,4.293092748668654,0.9102708338777917,1.2250398808355147,95.01017535464374,1.6187040290059285,COMPLETE,Optuna DES optimisation,2025-05-30 23:39:24.567732
454,35.60897771291276,4.497515261635262,4.249111916297384,0.9729444612604193,0.7926547381468739,74.9941174364471,1.7897522371909458,COMPLETE,Optuna DES optimisation,2025-05-30 23:39:24.567732
274,35.697482843286,4.317002447360438,4.348226648964137,0.9697226241586454,1.1879005747472986,87.60605249669308,1.3034452349543841,COMPLETE,Optuna DES optimisation,2025-05-30 23:39:24.567732
348,35.777672147224166,4.4499235411172755,4.288959454655473,0.889210783227861,0.8762342564327985,91.3839320328064,1.7879573173281837,COMPLETE,Optuna DES optimisation,2025-05-30 23:39:24.567732
173,35.96623802972054,4.425249156756734,4.269044229283686,0.9959735015073623,1.112591499099541,89.24339190945842,1.7860615830308384,COMPLETE,Optuna DES optimisation,2025-05-30 23:39:24.567732
176,36.050573982237744,4.467717181106652,4.25273537678785,0.9550212340403622,1.1800318732864477,60.1661373256762,1.7659779069913721,COMPLETE,Optuna DES optimisation,2025-05-30 23:39:24.567732
255,36.136711098648505,4.37625232643779,4.326820023726475,0.9713252486863512,0.7943887206001123,94.51581100367046,1.698816724557892,COMPLETE,Optuna DES optimisation,2025-05-30 23:39:24.567732
410,36.25095620718692,4.310583188237344,4.41491156905868,0.8780769492093982,0.7672916235104347,70.57532377038524,1.747216852183746,COMPLETE,Optuna DES optimisation,2025-05-30 23:39:24.567732
223,36.797394695894155,4.434418569640143,4.284838682971917,0.9151581440457326,1.1748887044958805,75.97190033631134,1.7534279844070255,COMPLETE,Optuna DES optimisation,2025-05-30 23:39:24.567732
28,37.15219374975323,4.365602631249905,4.251421190773003,1.3551521238275792,1.1182738412492357,60.77942607571315,1.752273041533861,COMPLETE,Optuna DES optimisation,2025-05-30 23:39:24.567732
187,37.21200440695683,4.310395338934904,4.286438720121805,0.9278223821111335,1.2206199359980483,53.99531920373396,1.7761170638516819,COMPLETE,Optuna DES optimisation,2025-05-30 23:39:24.567732
100,37.30682876231015,4.382782503164211,4.312426443340901,0.8831993408641299,1.19354881120718,102.19278927498661,1.7894281362481517,COMPLETE,Optuna DES optimisation,2025-05-30 23:39:24.567732
157,37.48006139078785,4.452849117574723,4.3956732695275,0.9370189720761607,1.2290286252692417,55.52144336306468,1.7454606416312846,COMPLETE,Optuna DES optimisation,2025-05-30 23:39:24.567732
412,37.497932618018154,4.259241221686111,4.427779750733168,0.8459415489620279,0.7823516441936785,78.82019414778867,1.756789432533552,COMPLETE,Optuna DES optimisation,2025-05-30 23:39:24.567732
495,37.616851362831184,4.447948037095622,4.257363702556518,0.8704951449173945,0.792261115610522,73.81205621585468,1.7425956278882877,COMPLETE,Optuna DES optimisation,2025-05-30 23:39:24.567732
32,37.66877092537801,4.42032022310333,4.205685540364407,1.174701069480061,1.1207296498934562,61.78770534494655,1.6872610194793534,COMPLETE,Optuna DES optimisation,2025-05-30 23:39:24.567732
295,37.697920236073145,4.012851680281079,4.284486564494105,0.9472058501248151,0.7605092403317474,114.53564925284384,1.7718371615865325,COMPLETE,Optuna DES optimisation,2025-05-30 23:39:24.567732
212,37.70697113760712,4.445395144418812,4.302029188941111,1.1055988389739926,1.2102237428721705,67.40885431485728,1.7796887265824677,COMPLETE,Optuna DES optimisation,2025-05-30 23:39:24.567732
249,37.78830054304725,4.293144287762155,4.314646706335753,0.9785283625771357,0.7825371621339768,87.20504078256934,1.6636211695143892,COMPLETE,Optuna DES optimisation,2025-05-30 23:39:24.567732
89,37.93154353851238,4.150626123546906,4.430922256794872,1.1340765414888274,1.2379565147871552,73.1609165525189,1.4741838817558368,COMPLETE,Optuna DES optimisation,2025-05-30 23:39:24.567732
172,37.97264087085247,4.403290167049171,4.239179972739654,0.9038067939377562,1.1702790058929007,100.23017785072305,1.7652739848977037,COMPLETE,Optuna DES optimisation,2025-05-30 23:39:24.567732
94,37.98600636742913,4.075137285543419,4.211857424682231,1.4521620900889336,1.0441874227223082,96.08937596125433,1.752267281995669,COMPLETE,Optuna DES optimisation,2025-05-30 23:39:24.567732
371,38.09545329358136,4.480855063311749,4.3011498618775885,0.9330511735086916,1.230275954058706,59.088689875960526,1.7498356288602483,COMPLETE,Optuna DES optimisation,2025-05-30 23:39:24.567732
60,38.16942434460391,4.257673887123273,4.093275191344602,1.2896052651739647,0.8343851332513341,64.43279051796648,1.7178234268544468,COMPLETE,Optuna DES optimisation,2025-05-30 23:39:24.567732
471,38.30917485417712,4.423442298785376,4.28180511581866,0.9841716370846816,0.7853899358505597,78.60412893839364,1.7250426232147034,COMPLETE,Optuna DES optimisation,2025-05-30 23:39:24.567732
185,38.3216912545086,4.478589101507003,4.330370820485861,1.0206172456796496,1.196734335607252,77.28093799258215,1.7407188523498087,COMPLETE,Optuna DES optimisation,2025-05-30 23:39:24.567732
379,38.34333923103444,4.4002506446785485,4.167972259168626,0.9048864806386598,1.0628900906657939,106.38880207866433,1.7424524598942532,COMPLETE,Optuna DES optimisation,2025-05-30 23:39:24.567732
8,38.41207497526984,4.038200417246399,4.451503756551758,1.2939146220624145,0.8390366199826111,119.31404990213333,1.7303621404839085,COMPLETE,Optuna DES optimisation,2025-05-30 23:39:24.567732
201,38.4838169083437,4.352501170186132,4.320033859742566,0.9529710415382626,1.2227918601946173,91.63238045445567,1.7752309673974684,COMPLETE,Optuna DES optimisation,2025-05-30 23:39:24.567732
349,38.59803404318013,4.372100771153334,4.322230972541327,1.3194326089243877,1.1523794059791184,62.955912465454844,1.6176287666835483,COMPLETE,Optuna DES optimisation,2025-05-30 23:39:24.567732
9,38.63855011575187,4.0455929319176285,4.455725652860546,0.5844895464718275,1.0563249194864235,176.31809436385146,1.5661878260270894,COMPLETE,Optuna DES optimisation,2025-05-30 23:39:24.567732
112,38.66874854965001,4.460406424180066,4.244847110518471,0.7960389985827144,0.9077518505871862,91.52792449979697,1.7820580374170396,COMPLETE,Optuna DES optimisation,2025-05-30 23:39:24.567732
408,39.01146087989856,4.295569399827504,4.440295395878872,0.8882238205296892,0.7841066811823557,76.55199406855046,1.7702011474485921,COMPLETE,Optuna DES optimisation,2025-05-30 23:39:24.567732
428,39.533904187304444,4.39422133545857,4.409577323008637,0.8430978723543806,1.090329057228055,71.96538816295309,1.750818492009965,COMPLETE,Optuna DES optimisation,2025-05-30 23:39:24.567732
215,39.623509695954446,4.399266514454765,4.387612167495806,0.9691281812293799,1.1597845347454283,85.60057019175899,1.7380474441882594,COMPLETE,Optuna DES optimisation,2025-05-30 23:39:24.567732
56,39.64874748831227,4.473946319123266,4.200951300404876,1.3976646354361169,0.7693940630407357,60.37135874251768,1.798238939845642,COMPLETE,Optuna DES optimisation,2025-05-30 23:39:24.567732
14,39.66944976319196,4.46166845316409,4.011285339734619,0.8214514876887605,1.1493875584169366,76.1331256118299,1.6364848549274968,COMPLETE,Optuna DES optimisation,2025-05-30 23:39:24.567732
262,39.743007840088126,4.397481466919349,4.344405579948322,0.8094344184359447,1.237031464584316,91.2132810007217,1.709695898026385,COMPLETE,Optuna DES optimisation,2025-05-30 23:39:24.567732
366,39.81741480796557,4.4684127284017485,4.250249566991509,0.8952801172344709,1.2140950855224548,71.57240555778077,1.7603996272237759,COMPLETE,Optuna DES optimisation,2025-05-30 23:39:24.567732
381,39.842014335661894,4.301890527061438,4.422976643877514,0.942381728374934,0.9939366182177415,75.72262439486778,1.777956080242984,COMPLETE,Optuna DES optimisation,2025-05-30 23:39:24.567732
75,39.97125853691536,4.4707606964374556,4.255649680211683,1.294784543518618,1.1111421983178749,88.56553550073528,1.586911086785613,COMPLETE,Optuna DES optimisation,2025-05-30 23:39:24.567732
210,39.97898346786575,4.415567758004711,4.278205959636117,1.3762008819524765,1.217999233419511,62.50883195028212,1.7273140021396813,COMPLETE,Optuna DES optimisation,2025-05-30 23:39:24.567732
95,40.01687678696872,4.324567278753499,4.24414160794074,1.333057855696061,1.226238222184138,90.15441551708193,1.62827166271161,COMPLETE,Optuna DES optimisation,2025-05-30 23:39:24.567732
290,40.03698604378824,4.352621324583601,4.318023052972388,1.0062147874810905,0.751338536963156,120.65098289061251,1.6767436396242115,COMPLETE,Optuna DES optimisation,2025-05-30 23:39:24.567732
117,40.171651160936655,4.344264460912516,4.230862997431325,0.6799022224334584,1.2223422961958044,97.11605085132909,1.7097225701884136,COMPLETE,Optuna DES optimisation,2025-05-30 23:39:24.567732
460,40.22473819926916,4.446822447561868,4.231928100467371,0.9549187612914385,0.7906098647286204,79.46286027204437,1.7775653643240674,COMPLETE,Optuna DES optimisation,2025-05-30 23:39:24.567732
48,40.2391398665504,4.18471965691849,4.0708699990297506,1.2414025932808748,1.0397585074572104,80.97946117692757,1.678144272451161,COMPLETE,Optuna DES optimisation,2025-05-30 23:39:24.567732
220,40.35639719530311,4.464677775968824,4.446939908695664,1.0039732463838218,1.221320445909526,58.72527140448342,1.7305777525991128,COMPLETE,Optuna DES optimisation,2025-05-30 23:39:24.567732
278,40.38853066324703,4.4479301536466584,4.340362388212233,0.8756552918280657,1.1949556075646564,104.1265845243831,1.654323187015683,COMPLETE,Optuna DES optimisation,2025-05-30 23:39:24.567732
283,40.408000478346885,4.340451931620973,4.310901010563507,0.9446728080124356,1.2152680134473384,97.11169968952598,1.7225375472975495,COMPLETE,Optuna DES optimisation,2025-05-30 23:39:24.567732
350,40.95212265855176,4.478500268872102,4.269378894533534,0.9390315820277875,1.174765869938055,77.28005725363715,1.6475359442072963,COMPLETE,Optuna DES optimisation,2025-05-30 23:39:24.567732
331,41.129445977571244,4.470010618893462,4.311876880392889,1.126875317258508,1.2486471023988202,80.39154717808256,1.7437568896320268,COMPLETE,Optuna DES optimisation,2025-05-30 23:39:24.567732
256,41.206291367413115,4.350163448617549,4.03216673281606,1.0028960075672415,0.816585202405831,84.40157921390687,1.6407310577228862,COMPLETE,Optuna DES optimisation,2025-05-30 23:39:24.567732
285,41.309665242181495,4.38080619900967,4.293691881156138,0.8564269345150355,0.987282193523066,91.7127677654919,1.733975308862013,COMPLETE,Optuna DES optimisation,2025-05-30 23:39:24.567732
314,41.35079910309837,4.415686224758197,4.291830741042857,0.8637094103294836,0.8473495255731592,84.31162912405273,1.799731557182322,COMPLETE,Optuna DES optimisation,2025-05-30 23:39:24.567732
241,41.45027925895054,4.382522159556757,4.310144663858162,1.1735837092868222,1.0285393325172352,75.14393622132143,1.7577883670407732,COMPLETE,Optuna DES optimisation,2025-05-30 23:39:24.567732
356,41.679258243893706,4.455928269545414,4.381511021629292,0.9611497005863938,0.7713070281279042,89.16443619744608,1.2047083701526955,COMPLETE,Optuna DES optimisation,2025-05-30 23:39:24.567732
152,41.70357617611395,4.438317742944686,4.435269818176489,0.9511171110430102,1.2320786095107648,62.90228238849663,1.7806103604167276,COMPLETE,Optuna DES optimisation,2025-05-30 23:39:24.567732
126,41.73679750690354,4.479159866395262,4.377541224093016,0.9739778884476323,1.179581736246363,83.48890313197418,1.738014390924757,COMPLETE,Optuna DES optimisation,2025-05-30 23:39:24.567732
494,42.09433469039135,4.484121927455548,4.275634629826725,0.9055566574732344,0.7767162372025076,78.86682713438236,1.7273407986952827,COMPLETE,Optuna DES optimisation,2025-05-30 23:39:24.567732
281,42.16042977080469,4.288341771837605,4.329287182913168,0.9272521706941927,1.2215373769456677,94.17114117218239,1.7109382426420758,COMPLETE,Optuna DES optimisation,2025-05-30 23:39:24.567732
62,42.23602585650693,4.40465574077392,4.14486589837266,1.2508047108474003,1.2071190328973864,59.22572143291045,1.4301145135121016,COMPLETE,Optuna DES optimisation,2025-05-30 23:39:24.567732
244,42.36624076597843,4.471527614220629,4.3354134240483235,1.1843669524488438,1.2340924660480697,63.98766865157325,1.7910721382095247,COMPLETE,Optuna DES optimisation,2025-05-30 23:39:24.567732
130,42.460971312293786,4.299806200080539,4.392937906843037,0.803091746209319,0.8474988543010332,80.98084307899929,1.7574296814646317,COMPLETE,Optuna DES optimisation,2025-05-30 23:39:24.567732
337,42.49906872678258,4.292499255125816,4.304529787200268,0.9308707634819541,0.8048755463975723,50.172600539761426,1.7439150894154452,COMPLETE,Optuna DES optimisation,2025-05-30 23:39:24.567732
243,42.54680633293006,4.409373199690918,4.36054557685506,1.1907283436182492,0.7609471428999364,78.1534288937018,1.5695135446242003,COMPLETE,Optuna DES optimisation,2025-05-30 23:39:24.567732
391,42.717647916399784,4.244519456008595,4.4102342198962425,0.845307577632135,0.759431930684903,74.67186735040002,1.744265614676789,COMPLETE,Optuna DES optimisation,2025-05-30 23:39:24.567732
267,43.102524458538134,4.3896611320371415,4.357228878161409,0.9956085667810389,1.2108134635442516,64.01383652013979,1.7278615087444738,COMPLETE,Optuna DES optimisation,2025-05-30 23:39:24.567732
491,43.215481074613585,4.469123313229493,4.277301671236605,0.8659617662148551,0.7766055021837589,73.47864017276264,1.732700517770383,COMPLETE,Optuna DES optimisation,2025-05-30 23:39:24.567732
42,43.364800155893874,4.269750339230026,4.154554633705392,0.9236589338805115,1.0591925022591788,84.62375946426558,1.7145639031718651,COMPLETE,Optuna DES optimisation,2025-05-30 23:39:24.567732
15,43.566210373782354,4.213688947826613,4.219089229079581,1.1030404736322816,1.1481686295214286,74.66694299386945,1.660280075648321,COMPLETE,Optuna DES optimisation,2025-05-30 23:39:24.567732
343,43.86403054729741,4.3204864407736485,4.334806660093753,0.9919248612046304,1.2048219544861336,158.02289682157186,1.772332685698803,COMPLETE,Optuna DES optimisation,2025-05-30 23:39:24.567732
330,43.914522619638674,4.256647513172021,4.34165607497194,0.9388345625211841,1.2334564028180524,131.02783255786233,1.5089819883461426,COMPLETE,Optuna DES optimisation,2025-05-30 23:39:24.567732
369,44.12524822350682,4.471174013936025,4.2814641633137205,0.9227542702029451,1.2222909347371043,68.66067570334877,1.7681541053901508,COMPLETE,Optuna DES optimisation,2025-05-30 23:39:24.567732
253,44.20252287147459,4.332105897925747,4.305065994694524,0.9311588991381335,0.803829039931341,90.2892674286041,1.6472896641377839,COMPLETE,Optuna DES optimisation,2025-05-30 23:39:24.567732
81,44.43060237177314,4.396041618365955,4.12960333814791,1.26316906685422,1.2096668630935112,59.68042576018965,1.700441306554161,COMPLETE,Optuna DES optimisation,2025-05-30 23:39:24.567732
251,44.44605422809992,4.333425819592937,4.293344839613228,0.9610458592048676,0.7963667188082351,87.7103273078241,1.6709155503244753,COMPLETE,Optuna DES optimisation,2025-05-30 23:39:24.567732
362,44.5169197237928,4.431820781449063,4.305723859763254,0.9493518546666595,1.2350069966446424,80.560166687473,1.7764229166527743,COMPLETE,Optuna DES optimisation,2025-05-30 23:39:24.567732
310,44.52450111782616,4.427400767967809,4.339801220154127,0.8400015620651504,1.1950111013656075,89.71123032623056,1.7663267449317992,COMPLETE,Optuna DES optimisation,2025-05-30 23:39:24.567732
87,44.52725124587094,4.442153477590349,4.238085071986247,1.2128333781424745,1.1329143599045584,70.22142725025597,1.6876584735193603,COMPLETE,Optuna DES optimisation,2025-05-30 23:39:24.567732
131,44.634025427203554,4.321007301748924,4.332180438439774,0.7911054155845739,1.1685022018113467,84.35922216056998,1.77714333067347,COMPLETE,Optuna DES optimisation,2025-05-30 23:39:24.567732
69,45.06036649900689,4.357396954495806,4.34141356685421,1.009878394164115,1.1867278384252,73.66620082112459,1.7409003633049185,COMPLETE,Optuna DES optimisation,2025-05-30 23:39:24.567732
282,45.08192011590437,4.361848081810508,4.335232356414215,0.9135293483661534,1.2376714023807858,99.462294718613,1.6807133880937375,COMPLETE,Optuna DES optimisation,2025-05-30 23:39:24.567732
480,45.27293010154439,4.443669250924044,4.2630105383251085,0.9251863108367789,0.7663618676537588,83.00351960914462,1.7467746001948925,COMPLETE,Optuna DES optimisation,2025-05-30 23:39:24.567732
361,45.475083376515954,4.439971909513223,4.309306264872744,1.2371325482552373,1.2197269814012157,76.04669129032901,1.780932808877578,COMPLETE,Optuna DES optimisation,2025-05-30 23:39:24.567732
195,45.50893175709167,4.3753025398478,4.3710492794242874,0.8110562174420962,1.216882806018522,62.2184094631514,1.7082596898325646,COMPLETE,Optuna DES optimisation,2025-05-30 23:39:24.567732
484,45.57292428710726,4.480896664405994,4.282258075596588,0.9068192287189782,0.7780768119373375,77.25836540138496,1.7288113655310717,COMPLETE,Optuna DES optimisation,2025-05-30 23:39:24.567732
162,45.62703538983689,4.493739484981463,4.288801022489742,0.9849265770897796,1.1884188197303542,93.74697388197384,1.7591272446861415,COMPLETE,Optuna DES optimisation,2025-05-30 23:39:24.567732
77,45.7169509612208,4.438073331308966,4.151272171508481,1.228957719459742,0.9817219974731741,83.30185847870288,1.606978348867196,COMPLETE,Optuna DES optimisation,2025-05-30 23:39:24.567732
224,45.78140053077927,4.390018474760045,4.326784200650947,0.9615589551500077,1.2068430064517965,85.3203642616132,1.7741859555483084,COMPLETE,Optuna DES optimisation,2025-05-30 23:39:24.567732
59,45.96344873781962,4.341106742048939,4.381452839371479,1.4586134061800267,1.0097790880758908,102.80040780315998,1.6440807442156673,COMPLETE,Optuna DES optimisation,2025-05-30 23:39:24.567732
457,46.161964265401636,4.499780124025368,4.239066695787484,0.9298472907807838,0.8122961132603369,80.76915167227092,1.786278681342511,COMPLETE,Optuna DES optimisation,2025-05-30 23:39:24.567732
352,46.18607232081967,4.401438511137557,4.351232145656587,0.9081979560297155,1.036311420858551,84.72340106985385,1.724434302602824,COMPLETE,Optuna DES optimisation,2025-05-30 23:39:24.567732
393,46.218593597928646,4.283616335178767,4.3944059414292616,0.8563906792629372,0.7596241363652759,71.00619942009303,1.7516095425440303,COMPLETE,Optuna DES optimisation,2025-05-30 23:39:24.567732
113,46.233677217814254,4.435874844259376,4.2799490532274485,0.7655681732616623,0.7988039259901463,83.66943669204545,1.7538322654210896,COMPLETE,Optuna DES optimisation,2025-05-30 23:39:24.567732
263,46.43195373434824,4.33932276156149,4.387857714682168,0.8831728188593905,0.8303146067565481,101.40497614822462,1.6898302598246886,COMPLETE,Optuna DES optimisation,2025-05-30 23:39:24.567732
83,46.483818541757294,4.427656165430921,4.108946885695241,1.1481788993062847,1.1953081170714115,62.26595642547666,1.5590211095582498,COMPLETE,Optuna DES optimisation,2025-05-30 23:39:24.567732
80,46.588166849682324,4.3589876347887175,4.353877322726435,1.2977766131563877,1.2491124001203957,77.55234863690714,1.787732247188725,COMPLETE,Optuna DES optimisation,2025-05-30 23:39:24.567732
490,46.930778773147196,4.448158198817974,4.289163818011054,0.8713000295679421,0.7841117522891183,78.04795999706938,1.719001952048711,COMPLETE,Optuna DES optimisation,2025-05-30 23:39:24.567732
193,47.01547522910111,4.328805690625016,4.311372292568966,0.9838306291373576,1.2066853644532582,85.93339658165625,1.724572970875096,COMPLETE,Optuna DES optimisation,2025-05-30 23:39:24.567732
440,47.05710533955482,4.43767040722888,4.412693733874851,1.3351541354439804,1.0183636736520807,63.82213166300945,1.7674330956417206,COMPLETE,Optuna DES optimisation,2025-05-30 23:39:24.567732
36,47.13426605379081,4.495723938443281,4.326537272060562,1.2304932699235052,0.9721556410067913,87.54402449926457,1.3734810444130134,COMPLETE,Optuna DES optimisation,2025-05-30 23:39:24.567732
137,47.14685114644444,4.323670253453406,4.29573768489952,0.9035802313943908,1.1926329094592427,94.2264326236045,1.7264666026191844,COMPLETE,Optuna DES optimisation,2025-05-30 23:39:24.567732
200,47.300082755493136,4.337876682699162,4.332134233347832,0.9199029763432731,1.2333320376356582,95.84199947842652,1.7513130977251186,COMPLETE,Optuna DES optimisation,2025-05-30 23:39:24.567732
372,47.36641307145857,4.416302908472492,4.315896751514829,0.8408395269194039,1.2077897766312626,65.24966701227738,1.7694952432010749,COMPLETE,Optuna DES optimisation,2025-05-30 23:39:24.567732
322,47.383198128969404,4.360929507470657,4.297235080546923,0.9405182360664273,1.2307024057427018,135.1588414371546,1.6558127927201565,COMPLETE,Optuna DES optimisation,2025-05-30 23:39:24.567732
29,47.43287101069413,4.287063960590831,4.399295307598302,1.2728042157555621,1.173931015405727,90.75405172048687,1.7991460141644846,COMPLETE,Optuna DES optimisation,2025-05-30 23:39:24.567732
86,47.52086600814713,4.3656071202556195,4.281021474111148,1.0625973540318963,1.0633487292283799,55.05684912951705,1.723412695259574,COMPLETE,Optuna DES optimisation,2025-05-30 23:39:24.567732
16,47.803049418055444,4.315899888006261,4.10859895286813,1.4338982729195107,1.0719658391947366,66.0931087556335,1.702794068251804,COMPLETE,Optuna DES optimisation,2025-05-30 23:39:24.567732
64,48.091000221274356,4.46633585910428,4.2544070989892235,1.1893293475969846,1.1858041235843468,78.72638269872996,1.7584135942192431,COMPLETE,Optuna DES optimisation,2025-05-30 23:39:24.567732
272,48.65518873678767,4.3652442698413605,4.318987007089287,1.1201140931658329,1.2315983862584947,83.47291283070106,1.7527079003278836,COMPLETE,Optuna DES optimisation,2025-05-30 23:39:24.567732
154,48.69347073826349,4.357173949207295,4.456966715879201,0.7791338088164873,1.2127958667102703,64.36000825263127,1.7348599278292725,COMPLETE,Optuna DES optimisation,2025-05-30 23:39:24.567732
353,48.91477524534869,4.350458185939275,4.330998800790329,0.9891974116398145,1.1831370971804736,87.87690946330278,1.7092684822319437,COMPLETE,Optuna DES optimisation,2025-05-30 23:39:24.567732
67,49.09678371119337,4.3119906736483715,4.27830928359182,1.3520202146494027,1.1314755015674969,65.01700605322769,1.765061348492633,COMPLETE,Optuna DES optimisation,2025-05-30 23:39:24.567732
395,49.18208435424574,4.304585054210882,4.395096730011829,0.8317993415639267,0.758342696580482,78.69534389847229,1.7395203257534908,COMPLETE,Optuna DES optimisation,2025-05-30 23:39:24.567732
106,49.18494455902133,4.34788913669135,4.316379605668756,0.9148893615284408,1.200219928920838,99.93953191623118,1.7358610179383627,COMPLETE,Optuna DES optimisation,2025-05-30 23:39:24.567732
298,49.48064178307831,4.397985262143664,4.350946090338395,0.9947281430348066,0.9025883245333127,74.72007411172711,1.5937065360667069,COMPLETE,Optuna DES optimisation,2025-05-30 23:39:24.567732
111,49.50741100796108,4.38567607026393,4.273916139048845,0.9408805945665968,0.7588848337510535,86.00708409628425,1.7871323683244622,COMPLETE,Optuna DES optimisation,2025-05-30 23:39:24.567732
419,49.64505418475205,4.370402572509084,4.426915398586231,0.8372754029630433,0.8549852769876018,136.15294920708524,1.7771579752967372,COMPLETE,Optuna DES optimisation,2025-05-30 23:39:24.567732
315,49.682960755486654,4.48772852087886,4.346670245066392,0.8532874139214794,1.1819845416322503,92.92940535937252,1.7557432491519729,COMPLETE,Optuna DES optimisation,2025-05-30 23:39:24.567732
260,49.85338462955094,4.410880776449719,4.3072026961349055,0.9420736959934886,0.7708579086048053,88.0673609566316,1.7242712010093495,COMPLETE,Optuna DES optimisation,2025-05-30 23:39:24.567732
102,50.09124173769363,4.361571600486709,4.289061123516931,0.9635876876161316,1.2056414804304976,95.36250517178544,1.775893465229591,COMPLETE,Optuna DES optimisation,2025-05-30 23:39:24.567732
374,50.13240969309876,4.433023609099911,4.290142484138247,0.9182026700817676,1.218337154531189,68.13787218266057,1.7592915031062146,COMPLETE,Optuna DES optimisation,2025-05-30 23:39:24.567732
275,50.29314884107817,4.422119159452616,4.370781532660679,0.9365379709818905,0.7628419880919974,67.7080070917029,1.6969911714068202,COMPLETE,Optuna DES optimisation,2025-05-30 23:39:24.567732
252,50.47049269966129,4.354310164836316,4.285668716108705,0.9611763316207329,0.7846620454846917,98.06879087928341,1.6810283267645776,COMPLETE,Optuna DES optimisation,2025-05-30 23:39:24.567732
182,50.778321893101605,4.497431730611013,4.264409711088122,0.9997266316627879,1.1876699004412572,82.02613684788015,1.7695412197844131,COMPLETE,Optuna DES optimisation,2025-05-30 23:39:24.567732
171,50.80586894432967,4.393091316180266,4.256769483799699,0.9393425494155447,1.2018512619445763,67.01650966087072,1.748161001981723,COMPLETE,Optuna DES optimisation,2025-05-30 23:39:24.567732
299,50.850345632828144,4.431693261452919,4.3083919248490785,0.9288198207815408,1.2152687637595556,92.21128224631572,1.691211094734188,COMPLETE,Optuna DES optimisation,2025-05-30 23:39:24.567732
291,50.88641981925972,4.367589165551106,4.300361628724552,0.9856901898292911,0.7513008981286353,94.85652375826066,1.479741193259564,COMPLETE,Optuna DES optimisation,2025-05-30 23:39:24.567732
489,50.90892829714369,4.457578329880058,4.293372378417058,0.881891416610591,0.7972444958832232,80.56274302033533,1.7055478726963762,COMPLETE,Optuna DES optimisation,2025-05-30 23:39:24.567732
368,50.99331407244877,4.497694751225504,4.4435146810589785,0.8636574951695756,1.2486153548492613,73.5763850472504,1.7548886587833228,COMPLETE,Optuna DES optimisation,2025-05-30 23:39:24.567732
93,51.04576281321689,4.445650680536137,4.30208340547281,1.1019430993082098,1.2293231713130017,98.98857236806795,1.7283954463743487,COMPLETE,Optuna DES optimisation,2025-05-30 23:39:24.567732
270,51.077002152796304,4.412091487796719,4.399646842696304,1.0122065334865646,1.2402731520383796,69.14457382314275,1.7157665609941775,COMPLETE,Optuna DES optimisation,2025-05-30 23:39:24.567732
92,51.201166816328126,4.40991266336918,4.264753560093311,1.4157565438942759,1.2127847850063291,86.77499885707059,1.7103378864609804,COMPLETE,Optuna DES optimisation,2025-05-30 23:39:24.567732
276,51.60553683012692,4.349712854875974,4.3012595045773425,0.9882729193028813,1.1693026910446378,79.70230825535421,1.7207892081330527,COMPLETE,Optuna DES optimisation,2025-05-30 23:39:24.567732
288,51.61330230777899,4.080582648657715,4.362579714303816,0.9258720479911485,1.2304561475820341,88.51142540076394,1.744454562456943,COMPLETE,Optuna DES optimisation,2025-05-30 23:39:24.567732
207,51.84938606030072,4.386575619422828,4.3864780583391045,0.9493649695469459,1.247667189990595,106.72996659459398,1.7302335069024695,COMPLETE,Optuna DES optimisation,2025-05-30 23:39:24.567732
469,51.9342410054531,4.436895672261726,4.313841776655336,0.9471054862962657,0.8025218953003603,81.4847172735114,1.7776189785474228,COMPLETE,Optuna DES optimisation,2025-05-30 23:39:24.567732
328,52.093407193067215,4.362041313777279,4.331926120558115,0.8304930192051966,1.1912848346802776,86.53528239954223,1.6636259562064237,COMPLETE,Optuna DES optimisation,2025-05-30 23:39:24.567732
119,52.106854990208994,3.673392017520122,4.303814967781089,0.894928375759343,0.8221458142652248,92.15125636253092,1.7490475439836726,COMPLETE,Optuna DES optimisation,2025-05-30 23:39:24.567732
84,52.25780446373622,3.9618244671728102,4.166220758184348,1.2442734126117336,1.1434189709275908,153.6449476746831,1.743022484922399,COMPLETE,Optuna DES optimisation,2025-05-30 23:39:24.567732
179,52.39118451637563,4.371853680692662,4.348903799181026,1.3584788384078637,1.2244890339057821,69.63455104157674,1.7816902952841904,COMPLETE,Optuna DES optimisation,2025-05-30 23:39:24.567732
0,52.44528870426125,4.013548910409232,4.096031717195938,0.7044602640045201,0.8925526431298827,85.79995457573601,1.4302128973258519,COMPLETE,Optuna DES optimisation,2025-05-30 23:39:24.567732
456,52.68204668290749,4.469054400097215,4.250093954413028,0.9115763077105817,0.7843088633347732,84.05410858852991,1.797115260674819,COMPLETE,Optuna DES optimisation,2025-05-30 23:39:24.567732
407,52.79079527186267,4.284766726078365,4.428389673167092,0.7946216030501327,0.7736712044812798,70.17692585537338,1.7828707787595302,COMPLETE,Optuna DES optimisation,2025-05-30 23:39:24.567732
26,52.818482629926514,4.308312222608942,4.310392038970343,1.4940086492109665,1.033169155526079,136.61784267793252,1.5918157608211576,COMPLETE,Optuna DES optimisation,2025-05-30 23:39:24.567732
271,53.29763706340472,3.873893523181688,4.376963276882526,0.9193152620575358,1.2170262289073819,72.542051686283,1.7300650722439934,COMPLETE,Optuna DES optimisation,2025-05-30 23:39:24.567732
382,53.334294283508356,4.259470593054008,4.431202395348015,0.9950074505585648,0.9508004517603464,72.6856156909446,1.7932350368094203,COMPLETE,Optuna DES optimisation,2025-05-30 23:39:24.567732
211,53.488232030814096,4.479439965294078,4.366410785540275,0.9887083681528063,1.200105357788836,96.3034770661273,1.7601999509911685,COMPLETE,Optuna DES optimisation,2025-05-30 23:39:24.567732
139,53.52725879017339,4.3993489563401935,4.344109387436616,0.8701243133599554,0.9870258352891292,89.65617573401939,1.6956975480482657,COMPLETE,Optuna DES optimisation,2025-05-30 23:39:24.567732
53,53.58518319041993,4.188321973305681,4.074733105111365,0.9611847562336298,1.140352265223423,66.90070192339954,1.7742877777164539,COMPLETE,Optuna DES optimisation,2025-05-30 23:39:24.567732
61,53.721480456561494,4.3981666156217685,4.10146770270446,1.2709694319945932,1.2105140946175712,55.94275825269153,1.2673188562699862,COMPLETE,Optuna DES optimisation,2025-05-30 23:39:24.567732
493,53.73170161761483,4.4328632866609405,4.304597815679046,0.8854845258562928,0.7858256693744295,81.49958423816376,1.7008190706245736,COMPLETE,Optuna DES optimisation,2025-05-30 23:39:24.567732
78,53.940087211443476,4.467171847718248,4.119750576343259,1.3369439065654547,1.1574222901262192,75.64710853879173,1.494295762617047,COMPLETE,Optuna DES optimisation,2025-05-30 23:39:24.567732
346,54.049841098042734,4.387679569873847,4.313594049262351,0.9671463961293006,0.7823181747456006,56.77359657106532,1.737469468473854,COMPLETE,Optuna DES optimisation,2025-05-30 23:39:24.567732
41,54.17754638327925,4.30972600924265,4.174763189728944,1.041567621889814,1.0958764871571445,69.99319524721798,1.7251392196176598,COMPLETE,Optuna DES optimisation,2025-05-30 23:39:24.567732
22,54.25412980070869,4.259731672858621,4.222434974563366,1.0483840131309428,1.0994556394217332,62.03136897611755,1.722139309805699,COMPLETE,Optuna DES optimisation,2025-05-30 23:39:24.567732
477,54.35604787813286,4.393798990841374,4.3054122439588784,0.889034232201253,0.7609065783893011,153.00546969144375,1.7634850992504028,COMPLETE,Optuna DES optimisation,2025-05-30 23:39:24.567732
287,54.54542774602948,4.322542917809003,4.327495118234013,1.2546939528649492,1.2488310445863497,101.44148094730109,1.7130669429798402,COMPLETE,Optuna DES optimisation,2025-05-30 23:39:24.567732
221,54.67206082094117,4.4874048009148595,4.316108722573952,0.9725859676528815,1.1925246495755273,82.45299827336767,1.7863021601942508,COMPLETE,Optuna DES optimisation,2025-05-30 23:39:24.567732
318,54.72522053986207,4.107043896274794,4.3293342600222156,0.9192870509545399,1.2414449089969688,77.74810538185449,1.3583582530565768,COMPLETE,Optuna DES optimisation,2025-05-30 23:39:24.567732
65,54.726930338998066,4.429470258041325,4.217576969892831,1.1192964446787164,1.1627336862380653,71.48248821442444,1.7828472484214979,COMPLETE,Optuna DES optimisation,2025-05-30 23:39:24.567732
115,54.92067018285365,4.407201801612576,4.221755829309617,0.9607474612234216,0.7726090580767822,100.49326286373424,1.7691828876163915,COMPLETE,Optuna DES optimisation,2025-05-30 23:39:24.567732
30,55.03518205072832,4.089607913399701,4.267811805715873,1.4380136964101553,1.080709588085404,104.55872033455847,1.7511405684757704,COMPLETE,Optuna DES optimisation,2025-05-30 23:39:24.567732
50,55.31312244901933,4.134552052739323,4.209316750220576,1.152645438875065,1.1866006357599235,198.40428827390002,1.7046550762387847,COMPLETE,Optuna DES optimisation,2025-05-30 23:39:24.567732
96,55.443899589484076,4.419390846466561,4.274102202301141,1.2863962497274868,1.2403004374093456,77.36938653520014,1.694537535365819,COMPLETE,Optuna DES optimisation,2025-05-30 23:39:24.567732
72,55.499901196640366,3.9994224527686595,4.051246775137142,1.211305122016441,1.107798170879818,52.20888433842075,1.3597131584198598,COMPLETE,Optuna DES optimisation,2025-05-30 23:39:24.567732
20,55.56598035370142,3.9162735877221646,4.13622959825529,1.1938360152791754,1.195391388715876,98.78631521272894,1.6967356050335105,COMPLETE,Optuna DES optimisation,2025-05-30 23:39:24.567732
228,55.59391702206859,4.442043508849322,4.244372903838282,1.3049321584754572,1.1945275604793033,78.70669139060419,1.7227860484702961,COMPLETE,Optuna DES optimisation,2025-05-30 23:39:24.567732
421,55.895944168558586,4.158541365016939,4.378856319971076,0.8750231453357057,0.7853332775048362,68.78263135971828,1.7651301831856607,COMPLETE,Optuna DES optimisation,2025-05-30 23:39:24.567732
79,56.03417008017134,4.289637302524431,4.194931714386316,1.1772768492320627,0.9379223133950738,70.1990188042727,1.5424466376229935,COMPLETE,Optuna DES optimisation,2025-05-30 23:39:24.567732
307,56.705127270417066,4.377811946700564,4.263293875577242,1.0065242269920736,1.2118075014407965,65.86948468313655,1.7536856053911076,COMPLETE,Optuna DES optimisation,2025-05-30 23:39:24.567732
146,57.002993236570696,4.42957821842559,4.295889992523517,0.8783801716551388,1.21452489692462,62.23049250355817,1.7921314506473918,COMPLETE,Optuna DES optimisation,2025-05-30 23:39:24.567732
234,57.046813179962214,4.4571839839502525,4.315789485025994,0.9120404643761015,1.249992128761538,85.22747534317476,1.7640965606392613,COMPLETE,Optuna DES optimisation,2025-05-30 23:39:24.567732
166,57.29757919608013,3.5689383280432763,4.278795491557173,0.8561417371067966,1.2491561708933767,104.00279665343216,1.731901514680456,COMPLETE,Optuna DES optimisation,2025-05-30 23:39:24.567732
277,57.44403282982716,4.392999505310129,4.421673535566222,0.9553242976129335,1.2283851698520452,59.350476724645844,1.7595514723395485,COMPLETE,Optuna DES optimisation,2025-05-30 23:39:24.567732
101,57.46023390035887,4.456437131699867,4.294897185249231,1.0227639668024766,1.2195729313553236,107.81416186300136,1.7735373549855262,COMPLETE,Optuna DES optimisation,2025-05-30 23:39:24.567732
280,57.583319340019244,4.3789668633366805,4.321121562110302,0.9023874562369393,1.206139282598823,96.17282606480059,1.7055404517028017,COMPLETE,Optuna DES optimisation,2025-05-30 23:39:24.567732
447,57.65210798417315,4.460739770057153,4.25741121954875,0.9274207720826024,0.8299693874348514,84.26351848164965,1.7180942068373537,COMPLETE,Optuna DES optimisation,2025-05-30 23:39:24.567732
2,57.65708320996046,3.723284100451515,4.216626684177721,1.1966123928861414,0.9305215861867011,115.63443899631594,1.3183732870837375,COMPLETE,Optuna DES optimisation,2025-05-30 23:39:24.567732
158,57.69537229153937,4.411664404751011,4.467122194667421,0.8954472744065832,0.820218457497354,61.19850767984542,1.7061565639751903,COMPLETE,Optuna DES optimisation,2025-05-30 23:39:24.567732
237,58.01496868762951,4.31674963761426,4.28020988587235,0.9312027018297593,0.9683323260273504,69.80271159903857,1.7210806194490123,COMPLETE,Optuna DES optimisation,2025-05-30 23:39:24.567732
34,58.166925823878906,4.449259737909146,4.237297742154197,1.150054075973325,1.0204908515169013,57.29107393522027,1.4578104088785495,COMPLETE,Optuna DES optimisation,2025-05-30 23:39:24.567732
427,58.18370847398213,4.415661841576397,4.39656439203333,0.8840639058892282,0.7684933578596028,77.77651073336709,1.7651201672342154,COMPLETE,Optuna DES optimisation,2025-05-30 23:39:24.567732
259,58.37641818419757,4.304029588264573,4.319903401976757,1.235027994831621,0.8027508159067168,98.13164144329282,1.667873740594564,COMPLETE,Optuna DES optimisation,2025-05-30 23:39:24.567732
365,58.43951585981381,4.462604331344823,4.274101165527885,0.8786098061143233,1.2120478184390517,65.6031413047767,1.772744797159307,COMPLETE,Optuna DES optimisation,2025-05-30 23:39:24.567732
248,58.63993318870974,4.362091005486089,4.301647209851795,0.9476032485364607,0.8133674524927361,92.88821854452067,1.644278921248971,COMPLETE,Optuna DES optimisation,2025-05-30 23:39:24.567732
363,58.6571058090049,4.4556613593491035,4.293875143155175,0.9746112477533438,1.2275192758017177,77.62266517738786,1.7990149880193482,COMPLETE,Optuna DES optimisation,2025-05-30 23:39:24.567732
168,58.66064262349395,4.374333631459518,4.378971614069123,0.9402163141496255,1.2137115548626558,86.38515111772517,1.7124634195034842,COMPLETE,Optuna DES optimisation,2025-05-30 23:39:24.567732
54,59.22743423744503,4.381213305100499,4.231579413928162,1.0765344233963814,1.101370278560398,73.07757437391199,1.665929502984919,COMPLETE,Optuna DES optimisation,2025-05-30 23:39:24.567732
473,59.41946384380974,4.464336050418544,4.3194515202790935,0.8985427427195025,0.7679726640321377,74.55400562395222,1.7710252404344904,COMPLETE,Optuna DES optimisation,2025-05-30 23:39:24.567732
385,59.42095124598377,4.289706253157339,4.408359056082751,0.8872330340403396,0.9674383338899751,69.07676134549234,1.757860631240144,COMPLETE,Optuna DES optimisation,2025-05-30 23:39:24.567732
153,59.488431720396925,4.453714699676657,4.419256264973611,0.9734842526954721,1.2462553057680124,67.01461472065307,1.760398936012665,COMPLETE,Optuna DES optimisation,2025-05-30 23:39:24.567732
355,59.658333985553085,4.323500047047246,4.298499100536622,0.8002944212770651,1.2396981063759693,94.27552719330852,1.5535754034434286,COMPLETE,Optuna DES optimisation,2025-05-30 23:39:24.567732
45,59.91358158339353,4.4442831769710915,4.134673479287565,0.8554185949000116,1.232896461351193,90.30810480037843,1.7790075194347406,COMPLETE,Optuna DES optimisation,2025-05-30 23:39:24.567732
169,60.10197709659717,4.459696474349129,4.309362649286261,0.9149418334267643,1.229799253599734,114.20957620208095,1.7326987044606095,COMPLETE,Optuna DES optimisation,2025-05-30 23:39:24.567732
76,60.11168579523608,4.499853595040459,4.31158073274197,1.3729117375561322,1.175626570021417,68.65154291890624,1.6544477170459289,COMPLETE,Optuna DES optimisation,2025-05-30 23:39:24.567732
188,60.24279840566246,4.040936473083582,4.4083602365533165,1.0651499923467327,1.2302388065490444,123.53147619052045,1.74065654210308,COMPLETE,Optuna DES optimisation,2025-05-30 23:39:24.567732
341,60.46191993820203,4.446651634157303,4.282787866558638,0.9504392483508108,1.217364527138841,112.7988754848049,1.7229622816322037,COMPLETE,Optuna DES optimisation,2025-05-30 23:39:24.567732
335,60.48949634066529,4.404504429597762,4.367595414255636,0.9543342337733107,0.8609384104111647,89.17614322850498,1.7771190820698002,COMPLETE,Optuna DES optimisation,2025-05-30 23:39:24.567732
443,60.52900805847468,4.499875120983949,4.284329359339676,0.950981509163983,0.7599012579164173,82.68597862822695,1.7420949061438769,COMPLETE,Optuna DES optimisation,2025-05-30 23:39:24.567732
311,60.76463946919359,4.175900899099287,4.325270867290453,0.743120661179227,1.1865378448075787,95.54241477836102,1.7825404989036902,COMPLETE,Optuna DES optimisation,2025-05-30 23:39:24.567732
405,61.05865819755357,4.2360197439154454,4.412642615790101,0.8470037498101235,0.7767600902039717,73.38622335802773,1.7721579886676342,COMPLETE,Optuna DES optimisation,2025-05-30 23:39:24.567732
156,61.126202710368986,4.38525849887694,4.450302524443855,0.7235448327819415,1.2035414040875374,71.48840872619536,1.7990893864027564,COMPLETE,Optuna DES optimisation,2025-05-30 23:39:24.567732
134,61.52201767663993,4.441526397662942,4.348627016137814,1.0227976920981776,0.7643409016507462,72.68257318484159,1.7709279405426666,COMPLETE,Optuna DES optimisation,2025-05-30 23:39:24.567732
49,61.599775123181125,3.596013286997452,4.162748846782539,1.0821928653747395,1.0731061339968544,54.01185351836611,1.5392402235505593,COMPLETE,Optuna DES optimisation,2025-05-30 23:39:24.567732
73,61.72523024143417,4.417458895982686,4.176996970851965,1.4030102602770504,1.2251405263167678,56.792054832995504,1.2537498601980397,COMPLETE,Optuna DES optimisation,2025-05-30 23:39:24.567732
138,62.203625205728294,4.3698299976641,4.36695457307401,0.9819961956841371,1.2042121232198555,87.56944549932466,1.7190987023215711,COMPLETE,Optuna DES optimisation,2025-05-30 23:39:24.567732
257,62.28492514318255,4.387345312414282,4.276021787233784,0.9199307625385553,0.7877724072774531,90.65899204090196,1.6268427457606014,COMPLETE,Optuna DES optimisation,2025-05-30 23:39:24.567732
304,62.447500290626415,4.477331320534616,4.333589509794202,1.0703570183931541,1.19775594055832,86.70873118743745,1.7041814578370935,COMPLETE,Optuna DES optimisation,2025-05-30 23:39:24.567732
216,62.52350453720957,4.455258511324211,4.401630294469297,0.9240953101464328,1.1751315948286503,70.22732547712083,1.7159246944225286,COMPLETE,Optuna DES optimisation,2025-05-30 23:39:24.567732
269,62.62850613323386,3.7253562019633617,4.36611967414524,0.9564464404054328,1.2003985533436903,65.42508680993197,1.7477022484746036,COMPLETE,Optuna DES optimisation,2025-05-30 23:39:24.567732
266,62.784620939700915,4.425890067084269,4.334585545457951,0.9619722687832624,1.2201684024883868,59.99600867416241,1.6585676789571833,COMPLETE,Optuna DES optimisation,2025-05-30 23:39:24.567732
264,62.94949699798712,4.434158196092588,4.269684115078423,0.9821634296328763,0.7585633022822996,86.06531768185114,1.635484710144131,COMPLETE,Optuna DES optimisation,2025-05-30 23:39:24.567732
357,62.978293900845685,3.9682102673082538,4.28122749087223,0.9297405202021205,1.2148908934145013,139.02855572976836,1.76414389596077,COMPLETE,Optuna DES optimisation,2025-05-30 23:39:24.567732
33,63.3891172925308,4.35049946252367,4.2867299735121005,1.3128216561992978,0.9603066910428613,75.35622505064804,1.6193002643573982,COMPLETE,Optuna DES optimisation,2025-05-30 23:39:24.567732
71,63.401263716585454,4.3866866839502,4.084762129645867,1.133010701022966,1.1973784989611092,63.25752002087074,1.3192522764913848,COMPLETE,Optuna DES optimisation,2025-05-30 23:39:24.567732
411,63.47786049425036,4.232940079397497,4.411679294335428,0.8690908891430463,0.7603509067762046,79.57851322505144,1.777256737537908,COMPLETE,Optuna DES optimisation,2025-05-30 23:39:24.567732
43,63.60431243243233,4.3366997916931025,4.244217678615097,1.1551654604278367,1.0943152491322814,68.61113584982277,1.7509216759543194,COMPLETE,Optuna DES optimisation,2025-05-30 23:39:24.567732
345,63.78834764710517,4.352846231996644,4.297874005616995,0.844037983727304,0.7506119185900687,98.59716815753346,1.6679605467684762,COMPLETE,Optuna DES optimisation,2025-05-30 23:39:24.567732
416,63.86399291100118,4.335418797633937,4.41712706932874,1.4481693037615515,0.9034185169244816,81.06469391843639,1.7989335322912419,COMPLETE,Optuna DES optimisation,2025-05-30 23:39:24.567732
466,63.90815809960699,4.42262432348188,4.20232592155937,0.8974307496229605,0.9393298590779929,123.32009835445758,1.2897261953585382,COMPLETE,Optuna DES optimisation,2025-05-30 23:39:24.567732
10,63.911201888616,4.230036497096439,4.305305573681406,1.4825395303721638,1.2493678985441794,50.80196222474608,1.796448296705675,COMPLETE,Optuna DES optimisation,2025-05-30 23:39:24.567732
85,64.03623011738854,4.477076717256997,4.1102138519817535,1.316299140276484,1.0871659145887453,50.64838879143,1.7620740416498286,COMPLETE,Optuna DES optimisation,2025-05-30 23:39:24.567732
344,64.140197615297,4.415320401208981,4.455976109236018,0.9212862312050777,1.2260529562377065,81.30638864847373,1.6852218417138431,COMPLETE,Optuna DES optimisation,2025-05-30 23:39:24.567732
373,64.25533044745423,4.408450281429439,4.389073365745385,1.2678323100359692,1.239153702629079,72.13749900903136,1.7895418083486283,COMPLETE,Optuna DES optimisation,2025-05-30 23:39:24.567732
338,64.54550246563387,4.3338591994953575,4.070359336713346,1.017257480751488,0.7647703025351241,60.99383948845397,1.7509320874023393,COMPLETE,Optuna DES optimisation,2025-05-30 23:39:24.567732
392,64.79012188628475,4.269402771781738,4.39784554994411,0.8151959220499886,0.7647116162236502,74.26498082294417,1.7350766047656403,COMPLETE,Optuna DES optimisation,2025-05-30 23:39:24.567732
303,64.86154917029008,4.406995223538058,4.288397568579071,0.9455846292329696,0.7856738015004976,127.15366920872889,1.661400304007836,COMPLETE,Optuna DES optimisation,2025-05-30 23:39:24.567732
82,64.97927016078262,4.331857876086474,4.142262502239025,1.089596931646848,1.1792909976893367,66.03357180602697,1.6238457184471933,COMPLETE,Optuna DES optimisation,2025-05-30 23:39:24.567732
463,65.05534635323467,4.475216077176442,4.227545372706461,1.300531078161004,1.106599828196016,80.22538333540534,1.7780794122970385,COMPLETE,Optuna DES optimisation,2025-05-30 23:39:24.567732
316,65.13208403741112,4.454100074784,4.25985230296903,0.9028680551027682,0.777244533272195,103.01267223122667,1.7859986704287205,COMPLETE,Optuna DES optimisation,2025-05-30 23:39:24.567732
37,65.19889471698856,4.366553633577044,4.413488536955812,1.4271647449837344,1.172371386323562,68.10004180030556,1.679289608077797,COMPLETE,Optuna DES optimisation,2025-05-30 23:39:24.567732
206,65.34008066608783,4.4159190284054874,4.373838731697965,0.9037912366613139,1.2329088002707547,59.598609223904134,1.6977640397672422,COMPLETE,Optuna DES optimisation,2025-05-30 23:39:24.567732
301,65.42236775743865,4.375178542497426,4.446973741313754,0.8903971419864782,1.204461216074223,99.84568908304914,1.7589608901037095,COMPLETE,Optuna DES optimisation,2025-05-30 23:39:24.567732
58,65.81367512374563,4.381361153176424,4.015123353437134,0.8911370257261592,1.0544031680991166,52.20010576206961,1.741841119353804,COMPLETE,Optuna DES optimisation,2025-05-30 23:39:24.567732
52,66.08577047451212,4.335110229529174,4.186606118141662,1.3137300455766874,1.2181856959951691,75.80362945342617,1.7334921864093211,COMPLETE,Optuna DES optimisation,2025-05-30 23:39:24.567732
18,66.48576321086836,3.8834526017968622,4.071523492489279,0.8380462385254638,0.9955745684076692,137.06455757992487,1.49638850743993,COMPLETE,Optuna DES optimisation,2025-05-30 23:39:24.567732
5,66.58484846941184,3.5256649255595804,4.296167783067387,0.9221854643969597,0.8864659046170801,115.28716019828916,1.439722107716226,COMPLETE,Optuna DES optimisation,2025-05-30 23:39:24.567732
468,67.25772324210307,3.829338217288741,4.2912371857167235,0.9144504463181118,0.7771170437704683,86.61112318732313,1.7108094705181003,COMPLETE,Optuna DES optimisation,2025-05-30 23:39:24.567732
199,67.34941007100878,4.231807260774213,4.338393235820446,0.8773226112096907,1.2407290608452457,98.90768957299312,1.745069675521074,COMPLETE,Optuna DES optimisation,2025-05-30 23:39:24.567732
246,67.36192500751096,4.442454917615204,4.323658977293627,0.9840875513283412,0.7797171310911745,85.15160972267542,1.7307117817613078,COMPLETE,Optuna DES optimisation,2025-05-30 23:39:24.567732
292,67.47759706951567,4.3885680109572,4.256936117212033,1.0262903533793886,0.7620656734455443,132.54718099941945,1.6092414267195234,COMPLETE,Optuna DES optimisation,2025-05-30 23:39:24.567732
57,68.50010492097171,4.091631566835832,4.120533948352187,0.5915363847357219,1.245155858399655,85.10950076081971,1.6985224710848954,COMPLETE,Optuna DES optimisation,2025-05-30 23:39:24.567732
334,69.1486361615496,4.376784762450508,4.325654766449778,0.9088850287481169,1.2115714256890175,83.44760884820688,1.6464420878671664,COMPLETE,Optuna DES optimisation,2025-05-30 23:39:24.567732
434,69.30422757442736,4.34598771998276,4.435029588521278,0.8976299963041039,0.7890202832508189,82.12016851763552,1.7733968570652179,COMPLETE,Optuna DES optimisation,2025-05-30 23:39:24.567732
441,69.4108675555203,4.399501259413122,4.386321612805666,0.9264712100216737,0.8093864832011227,71.70886370394899,1.729931327016295,COMPLETE,Optuna DES optimisation,2025-05-30 23:39:24.567732
222,69.48051520866336,4.468128272317376,4.2706758877538,1.0047731491903489,1.2019317466073083,80.6463009060883,1.7720651540853696,COMPLETE,Optuna DES optimisation,2025-05-30 23:39:24.567732
13,69.78022713158687,4.490623259756219,4.141941251399494,1.1081084737608284,1.15643011261168,51.122661098622885,1.6585676126699593,COMPLETE,Optuna DES optimisation,2025-05-30 23:39:24.567732
302,70.03421079786357,3.668591423079778,4.27263938160145,0.9776766783420286,1.220201651988241,80.3635356466593,1.7406454564311844,COMPLETE,Optuna DES optimisation,2025-05-30 23:39:24.567732
51,70.29003031111824,4.223994877431914,4.124228012144836,1.123782811941063,1.2335426540734074,96.50898781519524,1.6401279740150154,COMPLETE,Optuna DES optimisation,2025-05-30 23:39:24.567732
450,70.39844806880915,4.482887545387752,4.314295755279093,0.9979788941836454,0.772613557725073,101.41985030460438,1.7494882465056405,COMPLETE,Optuna DES optimisation,2025-05-30 23:39:24.567732
40,70.4819870627642,3.984655813849699,4.193852385621872,1.3432717865290278,1.139765699071614,110.96204051870755,1.7689443795485902,COMPLETE,Optuna DES optimisation,2025-05-30 23:39:24.567732
4,71.08607321977956,4.335853445764131,4.168053078518319,1.0095923347345526,0.8120468894950865,87.07751221200368,1.2226038767683747,COMPLETE,Optuna DES optimisation,2025-05-30 23:39:24.567732
432,71.1541360240834,4.47589650305008,4.390729175149766,0.9488099478927691,0.7765447487794646,72.68023848770241,1.757355606108884,COMPLETE,Optuna DES optimisation,2025-05-30 23:39:24.567732
208,71.16389556562402,4.449280800329819,4.349253457755866,0.8962674421380855,1.2264530101807933,64.28912285662291,1.709538951862855,COMPLETE,Optuna DES optimisation,2025-05-30 23:39:24.567732
7,71.25105195607084,3.8578704193199513,4.04653396505378,0.9469297907111559,0.8951024769807965,103.98528537275317,1.5397735423274987,COMPLETE,Optuna DES optimisation,2025-05-30 23:39:24.567732
17,71.71517449379262,4.131185172231268,4.183030344106555,1.1078764822480802,1.198464994085117,96.77107162935343,1.622618065599789,COMPLETE,Optuna DES optimisation,2025-05-30 23:39:24.567732
492,71.90590120529247,3.625454469532066,4.28529214046613,0.9023903447693359,0.8068161503526662,76.36053646591158,1.2373624663174374,COMPLETE,Optuna DES optimisation,2025-05-30 23:39:24.567732
377,72.37039896201392,4.209932003723075,4.362680624964861,0.7171724998113929,1.2270770343402835,60.82275834687195,1.7872385936064075,COMPLETE,Optuna DES optimisation,2025-05-30 23:39:24.567732
240,72.72670837691282,4.40310020974147,4.273353641950712,0.8921552929929989,1.1424199380845708,93.00352077238466,1.7381457752690883,COMPLETE,Optuna DES optimisation,2025-05-30 23:39:24.567732
11,74.4587065810247,4.163123330104969,4.354645858931277,1.3229252717152666,0.7717554840877341,144.37194269731177,1.7553388746833818,COMPLETE,Optuna DES optimisation,2025-05-30 23:39:24.567732
429,74.60316049967781,3.581453592607164,4.383582453859199,0.7850011004568067,0.8834958961819798,80.68218075407505,1.7711850016817614,COMPLETE,Optuna DES optimisation,2025-05-30 23:39:24.567732
418,74.7657178944128,4.303214640553052,4.45103693393373,0.8899601842654092,0.7697930133786471,71.68704479321973,1.7634530123237442,COMPLETE,Optuna DES optimisation,2025-05-30 23:39:24.567732
165,74.9749148753939,4.4362540225621725,4.000597238152856,0.9163295478557294,1.2363703324037374,97.89243894969461,1.718126914673184,COMPLETE,Optuna DES optimisation,2025-05-30 23:39:24.567732
498,75.11053337701308,4.481621170743057,4.25444439832626,0.8902485777211354,0.7796114068663592,82.11239977677639,1.5608134829960976,COMPLETE,Optuna DES optimisation,2025-05-30 23:39:24.567732
305,75.63285790893092,3.778590417186688,4.299134898347585,1.1491457022622382,1.231707659404093,93.0620044973956,1.7160387853729124,COMPLETE,Optuna DES optimisation,2025-05-30 23:39:24.567732
159,75.65202190336156,3.827545880996871,4.440211831066414,0.8160484953142892,1.1529728838841298,66.29938428082949,1.7813411959537835,COMPLETE,Optuna DES optimisation,2025-05-30 23:39:24.567732
105,75.81316157681157,3.514815890627329,4.263133521761398,1.0562707905893394,1.1501692172061542,115.83545144753742,1.7450851289763134,COMPLETE,Optuna DES optimisation,2025-05-30 23:39:24.567732
383,76.5509785415808,4.4612086706812075,4.433529424737382,0.9198841803660209,0.8358321548961734,77.03522002256449,1.7670133453094017,COMPLETE,Optuna DES optimisation,2025-05-30 23:39:24.567732
323,76.70496474856391,4.341878005624963,4.313538587248109,0.9861564675416775,1.180167032185765,82.06911043069299,1.6371121716945873,COMPLETE,Optuna DES optimisation,2025-05-30 23:39:24.567732
321,76.80015521991338,4.325840208259992,4.302886187406806,0.8963053472216161,0.7924247658275522,140.7317732852398,1.6487032297861868,COMPLETE,Optuna DES optimisation,2025-05-30 23:39:24.567732
109,77.07155390572314,4.306758374282131,4.291538918985818,0.5134347752431977,0.8769102077513664,94.12955800942206,1.75997551063625,COMPLETE,Optuna DES optimisation,2025-05-30 23:39:24.567732
122,78.29440828928817,4.396799545859163,4.286340883169338,0.9139231013355773,0.7729739295960187,104.42331537073028,1.761975426397104,COMPLETE,Optuna DES optimisation,2025-05-30 23:39:24.567732
370,78.32577309665064,4.442297702992242,4.268627463578709,0.8957101466236264,1.2003152166774989,62.793869233086596,1.7818316484756764,COMPLETE,Optuna DES optimisation,2025-05-30 23:39:24.567732
191,78.56556982711903,4.425697263784234,4.32575174789417,1.3303046482299334,1.098914686657058,79.37002707292017,1.6670246857558306,COMPLETE,Optuna DES optimisation,2025-05-30 23:39:24.567732
347,78.56920031828686,3.9091018748926234,4.308687906962923,1.0455745595412977,0.9167004298467183,71.12454332005743,1.7549604082807937,COMPLETE,Optuna DES optimisation,2025-05-30 23:39:24.567732
202,78.66162876361959,4.300414274252853,4.294300752241245,0.8505201725778169,1.2045834857795075,88.26034848367323,1.784164842985042,COMPLETE,Optuna DES optimisation,2025-05-30 23:39:24.567732
44,78.68672494793732,4.246505004575012,4.28806558025966,1.0520392449655038,0.8708601981069473,56.9583173504727,1.7333983136145263,COMPLETE,Optuna DES optimisation,2025-05-30 23:39:24.567732
88,79.14371067743144,4.207479746328069,4.05396552761266,1.3651365675094584,1.1631876423097536,58.253675273592336,1.6544446606802874,COMPLETE,Optuna DES optimisation,2025-05-30 23:39:24.567732
358,80.05060299642773,4.38097031137666,4.337167411933017,1.19611155128713,1.22661294427959,94.83516740652514,1.7973438706240976,COMPLETE,Optuna DES optimisation,2025-05-30 23:39:24.567732
340,80.16942016717798,4.46744501686894,4.320737563379154,0.9770186682837031,1.0486019090319088,85.40681508806243,1.7863946370931494,COMPLETE,Optuna DES optimisation,2025-05-30 23:39:24.567732
132,80.25975639422097,4.346563495916204,4.3647367413910265,0.9951964752311199,0.8222892800988483,79.5787930564992,1.7414274999743815,COMPLETE,Optuna DES optimisation,2025-05-30 23:39:24.567732
458,80.29608329655177,4.465236933975202,4.261360574061273,0.9453324214240229,0.8011185790065243,84.63582083434052,1.7975153894849034,COMPLETE,Optuna DES optimisation,2025-05-30 23:39:24.567732
399,80.34580995007752,4.3273870933463865,4.388458201107574,0.8502159757048356,0.7529342931804219,74.86874170399905,1.7505643932564716,COMPLETE,Optuna DES optimisation,2025-05-30 23:39:24.567732
326,80.90831455472221,4.31839355558113,4.436027423439153,0.8889019489559471,1.2082810678539233,128.32082301871804,1.7685138340833189,COMPLETE,Optuna DES optimisation,2025-05-30 23:39:24.567732
167,81.16414887110787,4.419570115497281,4.334710318714594,0.8826177018371779,1.223062100349038,92.86869919699001,1.7407432382969563,COMPLETE,Optuna DES optimisation,2025-05-30 23:39:24.567732
1,82.50056179632129,3.6271908397045314,4.447213140721215,0.5688930411862211,1.2196217461510352,193.37882549981904,1.4042316798654397,COMPLETE,Optuna DES optimisation,2025-05-30 23:39:24.567732
70,85.03015319107918,3.803038590084053,4.228339361161765,1.170858838293412,1.1454877753170107,82.15981133823942,1.6736093463959414,COMPLETE,Optuna DES optimisation,2025-05-30 23:39:24.567732
487,86.17355346260169,4.477300099736278,4.301299842826269,1.4687309768789276,0.7908943612013409,75.49243703283956,1.7180669513019162,COMPLETE,Optuna DES optimisation,2025-05-30 23:39:24.567732
25,86.19822773436252,4.499450115691192,4.363968091628331,1.3872278311615376,0.9528164745560179,50.934366212840416,1.5150865363937505,COMPLETE,Optuna DES optimisation,2025-05-30 23:39:24.567732
482,86.69065082436356,4.465632853302489,4.283209549555453,0.8792784658555918,0.7561480622626884,116.388857848496,1.6964669845915132,COMPLETE,Optuna DES optimisation,2025-05-30 23:39:24.567732
394,87.24846560717044,4.312410876385408,4.409273847386707,0.8286878146949063,0.7706644050251229,72.81209475659267,1.754925394298736,COMPLETE,Optuna DES optimisation,2025-05-30 23:39:24.567732
313,87.43878728550827,4.444441079515158,4.280589849484325,0.8961287160626086,0.7504183770332927,89.61095173322148,1.7749293991137693,COMPLETE,Optuna DES optimisation,2025-05-30 23:39:24.567732
38,87.59713003688893,3.7449840489616126,4.49001209554322,0.9948656942087937,0.9133021283201322,79.49837427860139,1.2037241299410455,COMPLETE,Optuna DES optimisation,2025-05-30 23:39:24.567732
431,87.96023788965263,3.543519184154453,4.444129283427835,1.0353213662279914,0.7612389785420561,75.29407852989466,1.7341735238461278,COMPLETE,Optuna DES optimisation,2025-05-30 23:39:24.567732
145,88.33142942451644,4.479473548834786,4.31831622148056,0.9274377939015482,0.7510204702616745,53.50204615127189,1.7397755920481452,COMPLETE,Optuna DES optimisation,2025-05-30 23:39:24.567732
143,88.51084296389028,4.422027739385301,4.31077796537931,0.8164314714046504,0.7774481364184286,64.42891575977073,1.7877891525576162,COMPLETE,Optuna DES optimisation,2025-05-30 23:39:24.567732
66,88.52551948946787,4.496020571911541,4.298154646257757,1.0831255226024417,1.1224335820355908,93.45531403811515,1.6874701700554948,COMPLETE,Optuna DES optimisation,2025-05-30 23:39:24.567732
230,88.91912579189844,4.348919110873704,4.305477272002218,1.4852029262694053,1.1835785902961606,143.82325799167728,1.781717292783883,COMPLETE,Optuna DES optimisation,2025-05-30 23:39:24.567732
31,90.2592229919052,4.425733795365165,4.331440993513757,1.2217911226912233,1.0318776310849342,80.88649054270986,1.6631058170911825,COMPLETE,Optuna DES optimisation,2025-05-30 23:39:24.567732
286,91.24017572142824,4.413589303182151,4.31144360557204,1.0901688943197672,0.7756133470524497,70.52755893424573,1.6361304797452498,COMPLETE,Optuna DES optimisation,2025-05-30 23:39:24.567732
178,91.24091949996796,4.415625939014532,4.283384761125388,1.4233181392971745,1.0746738691845228,64.39742887180088,1.7271927507560545,COMPLETE,Optuna DES optimisation,2025-05-30 23:39:24.567732
367,91.69607407008468,4.49078691398895,4.319961871832372,0.9119293431484459,0.9367395182692257,68.62588981978921,1.785961055726337,COMPLETE,Optuna DES optimisation,2025-05-30 23:39:24.567732
417,93.06392754092221,4.392927891986598,4.392587366112287,0.8157712841046979,0.7620534551001552,125.07291482412336,1.4280766787478771,COMPLETE,Optuna DES optimisation,2025-05-30 23:39:24.567732
242,93.37105158239672,4.437262756543333,4.440738178952427,1.2116330066305794,1.0053591190124096,82.81470481597934,1.7146508873283157,COMPLETE,Optuna DES optimisation,2025-05-30 23:39:24.567732
396,93.59430273058234,4.4721659360631705,4.403055870108908,0.7786500785619743,0.7671229879174906,76.3913155652884,1.7647722379408928,COMPLETE,Optuna DES optimisation,2025-05-30 23:39:24.567732
325,93.7400694352738,4.3475290618058535,4.361249319112107,1.2250085005449256,1.2439120163733057,140.24368002337215,1.448526464185501,COMPLETE,Optuna DES optimisation,2025-05-30 23:39:24.567732
180,93.94327215326372,3.9344725606854776,4.248685497707977,0.8627570202123525,1.1317489576366035,57.254513967749716,1.7999708256216471,COMPLETE,Optuna DES optimisation,2025-05-30 23:39:24.567732
128,94.37237612078538,4.46048040910911,4.3537428147854635,1.0425751345423313,1.0226544980730052,97.15289019999227,1.7292544341622196,COMPLETE,Optuna DES optimisation,2025-05-30 23:39:24.567732
474,94.50356635246037,4.407388783607302,4.273110845883307,0.9679967217618299,0.8689781261028053,111.54261477753359,1.7992878645322046,COMPLETE,Optuna DES optimisation,2025-05-30 23:39:24.567732
184,95.18493544501084,4.4319541339105415,4.314647669127725,0.948280133055196,0.7898422894150835,91.0904686222105,1.7900345113874194,COMPLETE,Optuna DES optimisation,2025-05-30 23:39:24.567732
47,97.09471048117649,4.458393961282593,4.331857196585941,0.7422019724113845,1.1268170517198708,153.1540778100878,1.5769010428715906,COMPLETE,Optuna DES optimisation,2025-05-30 23:39:24.567732
452,100.30254586165589,4.488043472042058,4.283271273167398,0.9529022382223208,0.7964833611711335,82.87324892244328,1.7868929382626684,COMPLETE,Optuna DES optimisation,2025-05-30 23:39:24.567732
398,100.9149167068717,4.483696283941224,4.380536483881229,0.8029887437431639,0.7502911531673069,79.475928131986,1.7345587136500626,COMPLETE,Optuna DES optimisation,2025-05-30 23:39:24.567732
476,101.82658388691084,4.4328590640348535,4.242189504613421,0.9458081730180634,0.7704944769816388,146.89533113307493,1.7890262205653902,COMPLETE,Optuna DES optimisation,2025-05-30 23:39:24.567732
225,102.89845986068082,4.457536820638287,4.259946877535082,0.9858476510810027,0.8013628789239902,127.18807935689355,1.7388426183366272,COMPLETE,Optuna DES optimisation,2025-05-30 23:39:24.567732
478,105.48741802841958,4.464338011810743,4.370873752064516,0.9585976858879772,0.7835520527977083,81.98558139057396,1.3627194745060143,COMPLETE,Optuna DES optimisation,2025-05-30 23:39:24.567732
186,108.32305400698127,4.401996963680265,4.271456483833016,1.3993038195073138,0.7682533476780193,72.93806042884309,1.75998493670706,COMPLETE,Optuna DES optimisation,2025-05-30 23:39:24.567732
6,108.41357966166754,4.378415111251632,4.432306673685951,1.2633430263512893,1.0557842037365022,175.9453845596574,1.5623430346984672,COMPLETE,Optuna DES optimisation,2025-05-30 23:39:24.567732
46,109.7397824111049,4.410299442222268,4.2681553460125325,0.9856337319404848,1.1697679604928857,179.9558412684869,1.640360099985255,COMPLETE,Optuna DES optimisation,2025-05-30 23:39:24.567732
293,110.25741585213854,4.302218780981449,4.339452395006021,0.9709498385927656,0.7738720916712979,107.9194044593625,1.7762495983368052,COMPLETE,Optuna DES optimisation,2025-05-30 23:39:24.567732
140,110.49204913024275,4.2551957567872485,4.327493537525118,1.3861774522024812,0.8472218146577757,109.70999274945538,1.7537288125729802,COMPLETE,Optuna DES optimisation,2025-05-30 23:39:24.567732
378,111.84122547162654,4.427930899981085,4.305324232291271,0.7598310052507438,1.211761808492038,145.83773248828305,1.7602525303189145,COMPLETE,Optuna DES optimisation,2025-05-30 23:39:24.567732
68,112.10653321420698,4.446601110344777,4.322573054566034,1.198178947672998,1.0848692119220957,110.3651832045131,1.715248493094642,COMPLETE,Optuna DES optimisation,2025-05-30 23:39:24.567732
446,114.1518794843103,4.44627230322089,4.3059619161979565,0.9632051411464971,0.9220624820692769,189.18121339135143,1.753631001865129,COMPLETE,Optuna DES optimisation,2025-05-30 23:39:24.567732
459,114.95151422560684,4.465222475749104,4.2458543530731205,0.9153108321604612,0.7793540137957999,108.55913757845163,1.7979729829261621,COMPLETE,Optuna DES optimisation,2025-05-30 23:39:24.567732
354,117.80836970617429,4.420823903214479,4.187433260143919,1.0157876152417968,0.7918606257205897,196.55202504531007,1.7468708916600353,COMPLETE,Optuna DES optimisation,2025-05-30 23:39:24.567732
464,119.1949947083392,4.435402676084727,4.267836619255102,0.9766560166899911,0.7689092207369559,129.2094189262458,1.7647510964006303,COMPLETE,Optuna DES optimisation,2025-05-30 23:39:24.567732
400,120.8351467571964,4.45276028583798,4.386951444704329,0.8685858707620866,0.7668867283548784,77.97378909192044,1.5269298639130322,COMPLETE,Optuna DES optimisation,2025-05-30 23:39:24.567732
261,121.40024587367694,4.367543322909656,4.46095427994577,0.7780346117179824,0.7775028109415906,82.89095726095714,1.745779746171608,COMPLETE,Optuna DES optimisation,2025-05-30 23:39:24.567732
219,125.46652705092252,4.415288233105206,4.3980050440991345,0.9374806009236943,1.2283794994071395,92.24213824543827,1.7661218139838306,COMPLETE,Optuna DES optimisation,2025-05-30 23:39:24.567732
110,126.41938741383964,4.481200433239764,4.304624891018074,0.8284630935757665,0.8090788269092524,106.41135020514479,1.7705473684480368,COMPLETE,Optuna DES optimisation,2025-05-30 23:39:24.567732
376,128.67010152034047,4.480073399425761,4.277273095029458,0.9429492539149791,0.759685558816654,81.18192306471289,1.7760066749898715,COMPLETE,Optuna DES optimisation,2025-05-30 23:39:24.567732
24,129.11677543677527,4.429478050459086,4.37100237483343,1.2104291860561114,0.9992167068849136,71.26039483404637,1.5988204981552994,COMPLETE,Optuna DES optimisation,2025-05-30 23:39:24.567732
413,134.44978851152837,4.32319998954672,4.422409935197764,0.8226051498732886,0.751007119460631,68.05941921357353,1.770900060435346,COMPLETE,Optuna DES optimisation,2025-05-30 23:39:24.567732
425,134.95146808447197,4.376027279488413,4.433230342052672,0.8034215323372598,0.7645234065323817,74.56496491173752,1.7788026885229955,COMPLETE,Optuna DES optimisation,2025-05-30 23:39:24.567732
327,138.51292131184115,4.499522195749161,4.286284315865885,0.9133957445171854,1.1628949032456268,150.8164577976567,1.6252457764581465,COMPLETE,Optuna DES optimisation,2025-05-30 23:39:24.567732
226,153.07984070774944,4.480896822872674,4.425607234944742,0.9438812629232995,0.7504752623779468,89.35933079226686,1.7883518219816583,COMPLETE,Optuna DES optimisation,2025-05-30 23:39:24.567732
300,154.17449273237776,4.331907584474962,4.471909004553113,0.962511413511671,1.2409586742609062,117.61794708012691,1.7794675517099927,COMPLETE,Optuna DES optimisation,2025-05-30 23:39:24.567732
120,158.45412511179902,4.449755878133954,4.358902610271601,1.0240967847255709,0.8653344080073841,132.01550912680077,1.7191066818311784,COMPLETE,Optuna DES optimisation,2025-05-30 23:39:24.567732
306,158.81201895932725,4.4402797635512705,4.3577415355144975,0.9192408990196704,1.2226661478049885,110.7898796077128,1.788636612192561,COMPLETE,Optuna DES optimisation,2025-05-30 23:39:24.567732
423,161.0000957130763,4.406170522351699,4.403884697018026,0.8564954588573125,0.778394588127407,70.75780521667602,1.7855659834036064,COMPLETE,Optuna DES optimisation,2025-05-30 23:39:24.567732
218,161.38820313311754,4.363989191855006,4.429585364427727,0.8264141973500421,0.8944226139228184,101.2939388283377,1.7995266923646522,COMPLETE,Optuna DES optimisation,2025-05-30 23:39:24.567732
436,161.71992015554588,4.461231069678095,4.423388383546567,1.0051939532284906,0.9776668965586234,78.33520698293295,1.7562213337229133,COMPLETE,Optuna DES optimisation,2025-05-30 23:39:24.567732
296,162.69352387778062,4.4204245689306445,4.325137085598963,0.9064713452582455,0.7910825960342787,97.63727347581025,1.79833114592579,COMPLETE,Optuna DES optimisation,2025-05-30 23:39:24.567732
229,166.52292645341703,4.498131075983747,4.404356381247745,1.0395528773479588,1.1189048601191611,95.99212676791292,1.7489668288905544,COMPLETE,Optuna DES optimisation,2025-05-30 23:39:24.567732
402,169.83041591054223,4.446577051404536,4.392506495939962,0.8309099726306254,0.7507100674408538,118.18400081585027,1.586076509947689,COMPLETE,Optuna DES optimisation,2025-05-30 23:39:24.567732
203,171.37699774516608,4.3640025281773065,4.49789040607144,0.7855175978988028,1.214329257438535,99.06025366274704,1.76932047878461,COMPLETE,Optuna DES optimisation,2025-05-30 23:39:24.567732
332,172.55702056880185,4.398587430085488,4.291818813916676,0.8643233626852456,1.2023544237701593,161.56659804638826,1.7593237598639508,COMPLETE,Optuna DES optimisation,2025-05-30 23:39:24.567732
414,172.70745574025173,4.499481021318357,4.437608783521996,0.8834886106965381,0.7749416358327831,76.6838959865656,1.7442742152019077,COMPLETE,Optuna DES optimisation,2025-05-30 23:39:24.567732
121,176.81473418819067,4.377993426976061,4.32411417865466,0.8473198263594557,0.7568567776912338,88.42148082100259,1.7762443823756535,COMPLETE,Optuna DES optimisation,2025-05-30 23:39:24.567732
133,179.55668688818704,4.39788341570452,4.314750369398175,0.754976748383677,0.803901022606231,89.63738818730837,1.7625772198089364,COMPLETE,Optuna DES optimisation,2025-05-30 23:39:24.567732
189,193.154075697564,4.4600708184245255,4.342457250477686,0.8866630614247233,0.7525462183085349,82.39081514407852,1.7895328755393245,COMPLETE,Optuna DES optimisation,2025-05-30 23:39:24.567732
401,198.27158721123743,4.490063888750738,4.403565199617228,0.8556228209226778,0.7591450074825242,69.4419186756379,1.7279420771979823,COMPLETE,Optuna DES optimisation,2025-05-30 23:39:24.567732
181,210.30213216273003,4.475109359307659,4.291539936711438,0.9748766805557871,1.1972446496276954,166.14675447578236,1.7755356933920436,COMPLETE,Optuna DES optimisation,2025-05-30 23:39:24.567732
437,245.49813725438932,4.4134874935916075,4.403600729073461,0.8225883243812758,0.7688845458817868,142.65925273057834,1.7979771860686666,COMPLETE,Optuna DES optimisation,2025-05-30 23:39:24.567732
160,251.12967876609875,4.342569732072341,4.419199546087362,0.9576294039991134,0.7785834092776786,187.00807702104794,1.767774422437855,COMPLETE,Optuna DES optimisation,2025-05-30 23:39:24.567732
475,262.20483373455284,4.499047272101175,4.447998037188979,0.9189197706522627,0.8452444468055704,89.87607494022816,1.7388071308013646,COMPLETE,Optuna DES optimisation,2025-05-30 23:39:24.567732
435,300.3252289684452,4.380180640305463,4.460724485249705,0.8613467978361872,0.7598972835283914,132.28409955037273,1.5768079654125873,COMPLETE,Optuna DES optimisation,2025-05-30 23:39:24.567732
