day_of_arrival,mean_arrival_triage,mean_arrival_ed,mean_arrival_referral,arrival_medical_assessment,mean_arrival_consultant_assessment,sdec_appopriate,prop_sdec_accepted,time_in_ed,prop_>4hr_breach,prop_>12hr_breach,run_number
Fri,9.178121105159985,64.20289979597565,,320.61958266991024,468.74534692880013,0.08333333333333333,0.01652892561983471,214.1354319749599,0.32171581769436997,0.021447721179624665,1
Mon,20.272813629341183,54.64605734354258,,630.7756448407758,802.2327255451544,0.13592233009708737,0.056,171.6411031834526,0.12039312039312039,0.03194103194103194,1
Sat,1.5169024438043077,22.570707509708576,,616.9997845854059,814.9871557564944,0.10091743119266056,0.022727272727272728,234.87221839016374,0.2673611111111111,0.0798611111111111,1
Sun,1.9870222374383157,15.915617795744351,,604.2878956656388,904.0759756242136,0.08438818565400844,0.03,232.6766961014886,0.2280130293159609,0.1237785016286645,1
Thu,2.9106596791198087,32.268264120208336,,317.53693341202745,463.1689717930878,0.12307692307692308,0.01818181818181818,202.4699456013646,0.24471299093655588,0.02416918429003021,1
Tue,2.688085263038845,61.842016326240355,,144.6905115638798,496.6274853536736,0.11522633744855967,0.024390243902439025,227.2502461358536,0.2761904761904762,0.047619047619047616,1
Wed,5.4177673540589755,33.21504816549456,,205.8256217375202,388.81155944471624,0.09328358208955224,0.017777777777777778,179.32643209613283,0.2222222222222222,0.021021021021021023,1
Fri,8.397600153229977,37.26776287833502,,1336.9564916059337,1518.39257695623,0.11355311355311355,0.018433179723502304,399.8308983847699,0.3029411764705882,0.17058823529411765,2
Mon,28.135943310358826,62.19348048544274,,,,0.12794612794612795,0.046218487394957986,160.3383406398389,0.12953367875647667,0.0,2
Sat,1.7339549819497024,41.512183804676475,,1484.824821901425,1682.9646068965333,0.08898305084745763,0.0196078431372549,361.384132848322,0.3184931506849315,0.11986301369863013,2
Sun,3.616319777750093,28.432422129435142,,1336.0275334186488,1502.7798400603103,0.1016949152542373,0.03,315.09590933032814,0.23310810810810811,0.11486486486486487,2
Thu,6.540208116869366,25.71286521341095,39.174661088143694,854.0622113174262,1036.5075709029884,0.11439114391143912,0.0182648401826484,301.1538328386256,0.25513196480938416,0.16129032258064516,2
Tue,5.912094697187249,107.2299066193888,,402.9453260578908,571.4620144539546,0.10687022900763359,0.02262443438914027,276.713789557954,0.375,0.05813953488372093,2
Wed,4.651078272998644,48.054522846482655,,610.0377128747579,804.3913875608632,0.11278195488721804,0.018433179723502304,267.9554157902282,0.3303030303030303,0.09090909090909091,2
Fri,2.481717877559889,40.13424244948662,34.76906253938705,1623.1230916848142,1854.8420562570561,0.09363295880149813,0.018691588785046728,424.3565522689553,0.3522727272727273,0.16761363636363635,3
Mon,2.6598598762374372,19.882892213002908,,,,0.10104529616724739,0.04932735426008968,109.53197579989832,0.06666666666666667,0.0,3
Sat,2.054502338721579,41.100273305455026,,2255.3573545246136,2529.5405830350105,0.12931034482758622,0.021505376344086023,556.1490486044693,0.33557046979865773,0.1610738255033557,3
Sun,3.1949174283821,22.548157703727814,,2212.410902340289,2547.7640820430966,0.07758620689655173,0.021164021164021163,169.03472470545142,0.11036789297658862,0.026755852842809364,3
Thu,6.134219192073326,16.23070227629249,43.114236537261604,1099.1710410793862,1139.4687768243705,0.08888888888888889,0.017857142857142856,289.75222719721177,0.2208955223880597,0.14626865671641792,3
Tue,4.304260842634346,60.9190947330614,,206.3785499218782,397.21617392385417,0.05673758865248227,0.0205761316872428,220.69521752378338,0.3269230769230769,0.02197802197802198,3
Wed,3.597306700522788,37.71305132688201,102.52017795123334,605.6857505030059,869.9147791872722,0.08921933085501858,0.018779342723004695,299.64491216779356,0.3153409090909091,0.13636363636363635,3
Fri,15.432234089251583,99.2114999916509,,1002.41087718033,1262.7542140629564,0.10810810810810811,0.01568627450980392,315.5869056506706,0.35092348284960423,0.11873350923482849,4
Mon,10.743055324808665,41.573895243977624,170.51590616561407,629.0663939895812,810.3998230919943,0.11784511784511785,0.056768558951965066,134.71760673463325,0.07008086253369272,0.005390835579514825,4
Sat,5.518605578334407,71.12543169903472,,989.5214621831927,1220.0070789882577,0.08677685950413223,0.01932367149758454,301.68862064233895,0.32673267326732675,0.12211221122112212,4
Sun,3.393176430350603,55.26467768911217,212.28384611046113,960.5881055402601,1151.1141440839342,0.08974358974358974,0.05527638190954774,274.62412541743237,0.3022508038585209,0.09646302250803858,4
Thu,5.922357000209441,48.96741123322814,,623.3212423214102,653.2716465577123,0.08812260536398467,0.019704433497536946,249.34088833041537,0.30116959064327486,0.08187134502923976,4
Tue,3.193086238417666,83.2139162977854,,96.47707297654257,283.04377583189506,0.09854014598540146,0.03333333333333333,215.71339148463647,0.3209169054441261,0.011461318051575931,4
Wed,12.021127284604066,77.17013960677474,,222.8542382786183,410.4174409394289,0.11371237458193979,0.016129032258064516,210.25079865853826,0.30708661417322836,0.013123359580052493,4
Fri,4.046430561703217,24.485503592491067,,1790.2718808385455,2102.309992404737,0.07518796992481203,0.01932367149758454,502.2886482149903,0.26512968299711814,0.18155619596541786,5
Mon,7.07206248981874,36.48509625069733,101.50243986436908,,,0.10580204778156997,0.07883817427385892,123.37539858848923,0.07547169811320754,0.0,5
Sat,2.3004944353992838,10.700141649402141,,1976.140953525991,2341.025887021973,0.10619469026548672,0.020833333333333332,438.7158002689794,0.18835616438356165,0.11986301369863013,5
Sun,2.530132184975396,24.796758273813555,216.24546059126624,1716.2869685848268,1943.1590414742404,0.12749003984063745,0.05825242718446602,183.25091514060642,0.14285714285714285,0.031055900621118012,5
Thu,1.64384390128228,35.72292225399197,,914.2241061239134,1039.219769590441,0.08267716535433071,0.01932367149758454,284.36497578299867,0.28012048192771083,0.11144578313253012,5
Tue,3.9714358443538966,29.496638670616353,,431.57106067139506,590.2057528734656,0.06643356643356643,0.021834061135371178,232.75289569190082,0.2803234501347709,0.07008086253369272,5
Wed,12.376503636379764,76.17318363499174,70.81142749056062,835.7585713239843,1146.355608540342,0.11805555555555555,0.01702127659574468,359.50606324862457,0.39502762430939226,0.15193370165745856,5
Fri,5.958046023878127,18.661071884527995,80.35226266255268,1570.1989592471664,1930.5619017090978,0.11328125,0.019230769230769232,451.67282658962176,0.2507836990595611,0.15673981191222572,6
Mon,4.071636964799228,20.68258447367841,32.9186414918222,1320.3133992112662,,0.11151079136690648,0.07456140350877193,115.43698152879132,0.07458563535911603,0.0027624309392265192,6
Sat,3.483765959683378,20.87737710660096,39.424366921818546,1466.516113744142,1880.4170753308588,0.08560311284046693,0.017937219730941704,363.69761977535904,0.20359281437125748,0.12275449101796407,6
Sun,1.554047406418348,31.4917208871214,200.92836777144475,1345.496881892893,1538.1082284408978,0.10087719298245613,0.046153846153846156,240.56967555821166,0.1836734693877551,0.061224489795918366,6
Thu,6.643979083101514,23.35562634995145,,1684.5309936244025,1801.0594095684971,0.07228915662650602,0.019704433497536946,379.3321881906693,0.2578616352201258,0.1509433962264151,6
Tue,6.140940003957927,34.005975547572625,,1130.7786485529577,1297.74228453773,0.11785714285714285,0.02666666666666667,348.384935689115,0.29971181556195964,0.16138328530259366,6
Wed,2.987363914531685,29.765670742953265,,1538.0000534300036,1652.995214682279,0.07169811320754717,0.01834862385321101,360.66527650517963,0.29411764705882354,0.15,6
Fri,5.506227997421264,45.359123767057156,132.02363182619592,2108.0578898063195,2324.2553288997638,0.10309278350515463,0.016877637130801686,534.588513117012,0.3041095890410959,0.16712328767123288,7
Mon,4.046922041365364,50.750425111731055,,,,0.07973421926910298,0.04897959183673469,140.79390431747555,0.10732984293193717,0.0,7
Sat,3.446070937009986,36.82611472368575,,2103.422694434106,2539.216412184706,0.0735930735930736,0.02,417.03533522612,0.28368794326241137,0.10638297872340426,7
Sun,2.9222443478633777,69.42458167522818,75.6129405531774,1917.4254630540893,2156.0169544861205,0.12773722627737227,0.05726872246696035,224.0920026884834,0.25663716814159293,0.02359882005899705,7
Thu,3.502826330953358,48.41775242356224,,1723.0115718696811,1822.430002321908,0.09090909090909091,0.017391304347826087,390.7284748599191,0.3294460641399417,0.14285714285714285,7
Tue,2.23253112479562,62.62502786301432,,1004.4442356026236,1169.2129765083205,0.09375,0.03482587064676617,361.40156240778674,0.3746397694524496,0.16138328530259366,7
Wed,3.997247174715523,53.71009822699371,34.72580223924933,1452.454665623745,1603.4189526674659,0.10676156583629894,0.016597510373443983,346.75518837102703,0.31197771587743733,0.12256267409470752,7
Fri,1.9667841916204176,57.36139526559726,55.579954403020565,1731.1157513862365,1899.086147554348,0.12595419847328243,0.020202020202020204,566.9258963633242,0.3853211009174312,0.21712538226299694,8
Mon,18.140238947327983,53.08388214599047,,,,0.1,0.0622568093385214,139.93574868782582,0.11274509803921569,0.0,8
Sat,1.4145575995579454,15.942163589887976,145.54068663770795,2275.4531846153145,2512.1266895700205,0.09787234042553192,0.02030456852791878,496.5407782355713,0.2578397212543554,0.15331010452961671,8
Sun,1.1948115291633672,13.50737593595089,,2200.4795385784582,2384.544250674492,0.09777777777777778,0.05172413793103448,174.7980041031405,0.11564625850340136,0.02040816326530612,8
Thu,5.7754089609979715,94.71428672009633,,1076.661521731572,1298.9577595454305,0.09259259259259259,0.01834862385321101,404.97220678035046,0.4281609195402299,0.16954022988505746,8
Tue,4.9748859691499225,87.94239240630851,118.56251748588534,637.8495661144269,864.2745415638512,0.09187279151943463,0.02074688796680498,303.2085130090523,0.3848314606741573,0.12359550561797752,8
Wed,2.5257845629106264,110.81116286348868,,876.2660619856662,1111.5548384292588,0.12167300380228137,0.018518518518518517,359.8736848450814,0.44192634560906513,0.1274787535410765,8
Fri,4.4567780495815,53.367835983624055,,2184.98480580073,2416.3547517788065,0.09293680297397769,0.018518518518518517,533.08594940207,0.3475783475783476,0.15954415954415954,9
Mon,3.7252589092370454,16.951765768546352,,,,0.12811387900355872,0.06808510638297872,104.79197047973466,0.05571847507331378,0.0,9
Sat,2.1371883302806176,19.46699634713593,,2154.3546641629914,2448.3011652493965,0.1322314049586777,0.01951219512195122,451.9336721262726,0.2354948805460751,0.13993174061433447,9
Sun,2.040554419837603,25.07516111263871,,2230.5898423155795,2402.150885069358,0.10843373493975904,0.059113300492610835,214.80957323644836,0.13442622950819672,0.04262295081967213,9
Thu,3.0976343438920235,58.307479252313136,,1764.3424768782686,1929.9468838916412,0.07420494699646643,0.016736401673640166,416.5668170146129,0.35492957746478876,0.1323943661971831,9
Tue,3.302442271298244,36.3657132177359,,1197.5026666892124,1409.8870529186183,0.0888030888030888,0.024390243902439025,373.5109039329639,0.29357798165137616,0.1743119266055046,9
Wed,3.7907984557568155,39.2332285752318,62.567695681241275,1550.2965209433355,1769.3253851975965,0.12830188679245283,0.018691588785046728,428.4610282874992,0.3286118980169972,0.1558073654390935,9
Fri,2.926863903818858,101.24575792690568,,550.9678682314575,732.2631872922666,0.11326860841423948,0.015444015444015444,288.04176018670466,0.40664961636828645,0.06905370843989769,10
Mon,8.347233188895972,21.77054975460838,76.79534364179199,658.4180797362243,753.9035737349792,0.10181818181818182,0.06550218340611354,133.05980107057985,0.0872093023255814,0.00872093023255814,10
Sat,2.159925976810163,44.75593064779308,110.76347336310482,824.510927166046,1032.6301491626339,0.08536585365853659,0.020202020202020204,324.57513590343416,0.3069620253164557,0.15822784810126583,10
Sun,2.7413723561706393,26.623955143966867,,943.1957986874091,1366.8846153074999,0.0912863070539419,0.019704433497536946,300.1660869057245,0.2169811320754717,0.11949685534591195,10
Thu,4.428868875026687,66.44944167705107,,441.2422887607805,583.9669350019392,0.09961685823754789,0.018691588785046728,247.55293733093086,0.34492753623188405,0.06666666666666667,10
Tue,6.28855992536461,85.84445582946884,151.56280579115446,232.38939621709727,482.6356013958666,0.07636363636363637,0.025974025974025976,265.5014018752736,0.3712737127371274,0.04336043360433604,10
Wed,3.173709322904549,73.65657880641163,,263.78108735382796,555.687636346698,0.06201550387596899,0.01834862385321101,262.46409978851267,0.37168141592920356,0.09144542772861357,10
Fri,4.41517126754537,32.23287200731843,78.35313167866389,1079.194880716753,1248.1052583081005,0.09349593495934959,0.019417475728155338,289.86392302808974,0.26608187134502925,0.1286549707602339,11
Mon,5.289294311659625,23.92566777809005,,941.612830835825,1214.1594798629721,0.07722007722007722,0.04,127.0144846814808,0.08787878787878788,0.00909090909090909,11
Sat,1.6877714714049712,20.626106676683616,,1049.447850151776,1222.6648684821935,0.1187214611872146,0.021621621621621623,276.70274425008336,0.24381625441696114,0.12367491166077739,11
Sun,4.639326918794216,26.85795423851968,,932.3946346676745,1346.0970173283847,0.13901345291479822,0.03932584269662921,338.25979384125804,0.2560553633217993,0.1453287197231834,11
Thu,6.676471875530864,24.472540154597123,72.50046070515782,1039.6793651406467,1256.4114890698763,0.1018867924528302,0.01762114537444934,288.4204524466995,0.2417910447761194,0.12835820895522387,11
Tue,10.392153679778964,57.270279407414264,40.60543693944578,849.7204356685784,1045.7713246746994,0.08362369337979095,0.0211864406779661,323.58424987713545,0.36164383561643837,0.13424657534246576,11
Wed,3.8706448861274496,31.685103948763103,,1073.96349154308,1281.5901669504444,0.10227272727272728,0.018518518518518517,311.8979172061684,0.26011560693641617,0.1416184971098266,11
Fri,4.088328499244087,55.96587890290819,,893.5118186719827,1136.165503912382,0.08979591836734693,0.020942408376963352,346.7966969027191,0.3805031446540881,0.16666666666666666,12
Mon,2.78872043716729,22.882228153152543,44.86015664524348,996.3905298111589,1286.1680620733569,0.10738255033557047,0.058333333333333334,120.46154166030642,0.07397260273972603,0.0,12
Sat,1.8556965708775286,39.845352432181066,252.9676814392642,876.5498404831259,1189.4546449374755,0.09569377990430622,0.02197802197802198,267.7148099164484,0.25259515570934254,0.10380622837370242,12
Sun,2.3135271084796623,19.82683063719097,65.01690386869389,919.6113769798104,1181.603833867793,0.1285140562248996,0.059113300492610835,303.42130515928864,0.22884012539184953,0.12852664576802508,12
Thu,4.462856248265563,35.674957698613476,,703.1419580924007,904.9077729212213,0.10077519379844961,0.018779342723004695,277.0363515401342,0.2823529411764706,0.1264705882352941,12
Tue,5.400909076064118,56.08437991034704,136.08935171543726,467.05771450209124,615.0338592616546,0.1223021582733813,0.02666666666666667,256.4924530828011,0.3536231884057971,0.04927536231884058,12
Wed,3.96833308699459,40.52316434866477,,526.7287569823025,794.4478131111797,0.08812260536398467,0.0182648401826484,266.8918252787431,0.2543859649122807,0.11403508771929824,12
Fri,2.198163975328845,14.457515352494353,57.61157566953534,582.9459354192522,819.6078141968989,0.08189655172413793,0.021739130434782608,296.20142938523276,0.27564102564102566,0.1282051282051282,13
Mon,5.740384703137089,22.646647111120668,54.650366529183884,750.1309729861141,1039.2525114430507,0.1111111111111111,0.034934497816593885,118.43398776570844,0.05789473684210526,0.002631578947368421,13
Sat,6.243675325776084,22.15378600850625,,922.5242401502727,1203.981401139149,0.09349593495934959,0.019704433497536946,358.4347139571167,0.23493975903614459,0.13253012048192772,13
Sun,2.9066328253574882,15.473591696921657,,975.3614729981425,1377.2727135683765,0.11739130434782609,0.05851063829787234,278.08905611906056,0.17525773195876287,0.1134020618556701,13
Thu,2.9579192867594992,26.24232537686799,,351.4868337577021,537.207671897763,0.07983193277310924,0.020202020202020204,202.22638843610082,0.2334384858044164,0.03470031545741325,13
Tue,5.875045951682127,83.3048885107852,,247.7932304338119,414.5590209307013,0.11307420494699646,0.020833333333333332,240.5907795210944,0.35376044568245124,0.03899721448467967,13
Wed,4.150248282380043,41.047308792909014,131.9782026965663,330.92166777798775,558.8559374735731,0.08097165991902834,0.01951219512195122,230.4615083539323,0.31875,0.053125,13
Fri,4.762407624061962,28.847728761430844,,516.3441645028958,816.9359567425073,0.08118081180811808,0.013953488372093023,307.63778011196666,0.2823529411764706,0.1411764705882353,14
Mon,5.405964469789938,27.661674130649022,,,,0.10638297872340426,0.06198347107438017,126.58954484667915,0.08379888268156424,0.0,14
Sat,6.749113651589939,26.012267682751116,270.6962985981454,1039.7654618108484,1282.0431216774618,0.08677685950413223,0.020618556701030927,390.6424202511612,0.25236593059936907,0.14826498422712933,14
Sun,3.392549847473992,27.512596164325263,,1282.1672526057198,1558.2824728554235,0.09236947791164658,0.052884615384615384,265.73730673948455,0.1826625386996904,0.08668730650154799,14
Thu,5.93427971147452,27.847238646959294,,395.265026576732,703.2000994144659,0.0992063492063492,0.01904761904761905,250.66318532024536,0.2515527950310559,0.08385093167701864,14
Tue,2.817983270881466,52.78358829848768,172.37569805361719,538.5917228624212,797.487753234852,0.11418685121107267,0.028925619834710745,276.3475518132509,0.2966101694915254,0.11299435028248588,14
Wed,4.063611082046646,45.4667092630512,44.39576985560279,545.7392357669519,848.7911720426067,0.1111111111111111,0.017699115044247787,287.4406876898952,0.2777777777777778,0.0935672514619883,14
Fri,7.9233422423132716,92.07554629698716,191.66459909380592,445.59054265778354,613.657839214912,0.10104529616724739,0.01680672268907563,277.8327825238303,0.4143646408839779,0.058011049723756904,15
Mon,13.224623477427816,52.95495057154738,,256.07894804306557,420.77663193684884,0.10749185667752444,0.05,173.81876083595859,0.18024691358024691,0.0,15
Sat,1.2022146844197164,60.238657055244744,93.22986813600392,113.60905006893793,333.85829345142076,0.10407239819004525,0.02072538860103627,213.55182726637247,0.3242320819112628,0.023890784982935155,15
Sun,3.34367269581552,20.55573046267414,,172.10488949993237,466.4419973241502,0.0846774193548387,0.051643192488262914,181.3529914844855,0.1974921630094044,0.05642633228840126,15
Thu,4.928750222898995,58.134939733253056,100.03338539896231,297.815202523026,442.0176135261095,0.10465116279069768,0.01932367149758454,235.61486530649992,0.38972809667673713,0.01812688821752266,15
Tue,12.825526603824846,125.0976961086938,125.92254450431756,55.12351991709389,191.52919561652092,0.07931034482758621,0.027777777777777776,232.8310453200354,0.3521505376344086,0.008064516129032258,15
Wed,4.5114890091844835,51.059227534143815,117.89792168610416,190.27068646357822,368.8728065276007,0.09191176470588236,0.017391304347826087,193.8424139410242,0.3128654970760234,0.005847953216374269,15
Fri,2.2957315417263486,32.32547358930024,94.19824680744568,1175.7685991151195,1373.8224282468054,0.1349206349206349,0.018691588785046728,355.98750923612624,0.2932098765432099,0.12962962962962962,16
Mon,6.375867290839802,26.841560643721,,905.3784012682066,980.9997028599537,0.09863945578231292,0.05371900826446281,126.8857700068245,0.06684491978609626,0.0053475935828877,16
Sat,2.2026710970778107,10.195953034077162,78.9005474590058,1306.308058875875,1633.9294842677323,0.07860262008733625,0.02127659574468085,457.50146413802463,0.23426573426573427,0.15384615384615385,16
Sun,2.802587991776757,12.14512578369588,71.36437683917211,1250.7192496847265,1610.8411776644941,0.10666666666666667,0.042105263157894736,211.3470946776013,0.1644295302013423,0.050335570469798654,16
Thu,6.956843614087431,54.98037130207119,,1132.207369693191,1343.765274586724,0.09523809523809523,0.01762114537444934,335.6909043151822,0.2916666666666667,0.1361111111111111,16
Tue,7.45492628361148,55.58826253211691,33.96063189166807,780.45153210031,965.8897135399715,0.099644128113879,0.03167420814479638,308.1104091403213,0.3664772727272727,0.11647727272727272,16
Wed,4.061932055719226,45.44471660538528,,1070.206485087118,1324.037345844807,0.07924528301886792,0.017857142857142856,284.61285929455926,0.27696793002915454,0.119533527696793,16
Fri,2.615345484622703,19.966044129043237,155.633735728572,1480.3752898232385,1749.2090789224635,0.12272727272727273,0.02185792349726776,343.97741418407014,0.2138364779874214,0.1289308176100629,17
Mon,8.345486362226975,41.34560151594454,,1056.6387470006518,,0.1206896551724138,0.053061224489795916,137.42682584199682,0.08157894736842106,0.007894736842105263,17
Sat,2.835634687119449,10.83180019907966,138.61177702685745,1520.3061106685195,1782.1343556262457,0.10043668122270742,0.02072538860103627,366.69105893288827,0.2591362126245847,0.12624584717607973,17
Sun,2.4893179528187876,27.018747640493466,,1244.0307597927138,1579.7881193594658,0.07531380753138076,0.050505050505050504,302.7772805670727,0.23376623376623376,0.1038961038961039,17
Thu,4.557513404750259,39.99089310088791,,1541.4111483488966,1847.709737349914,0.09090909090909091,0.018779342723004695,434.7953114318037,0.3088235294117647,0.16176470588235295,17
Tue,7.466630586847305,59.60921522612622,,747.0354027432618,886.8589575354036,0.09655172413793103,0.020080321285140562,267.9511985730491,0.31232876712328766,0.0958904109589041,17
Wed,9.38828966336656,42.76840488659039,,1199.145654502466,1527.6829609414917,0.09310344827586207,0.017467248908296942,405.91032543381425,0.3418079096045198,0.18361581920903955,17
Fri,4.490328537448229,31.536834784548567,50.22964903610955,275.7542028156614,500.3255522604662,0.09881422924901186,0.018691588785046728,179.80538133783043,0.24926686217008798,0.005865102639296188,18
Mon,3.8126416101906466,27.804802295257158,,119.7196774555181,234.24755237558952,0.11678832116788321,0.035398230088495575,149.89077884608966,0.14121037463976946,0.0,18
Sat,1.7672178282517972,30.089294837649344,69.50396134270977,88.63783755744709,333.13912266891504,0.1095890410958904,0.022222222222222223,190.75676213541308,0.2935153583617747,0.020477815699658702,18
Sun,3.1305530520220852,19.433225614106142,62.44896691322356,146.9279451995032,414.7711649606905,0.09361702127659574,0.041025641025641026,194.43337783676586,0.2459016393442623,0.036065573770491806,18
Thu,4.178452204990082,26.226694124664903,,347.12874811319915,590.7646035221044,0.10080645161290322,0.019230769230769232,205.3103466830844,0.2168284789644013,0.05177993527508091,18
Tue,1.8845160393261842,29.349446116487975,42.71540892611074,369.2939262517075,660.9072944802537,0.0942622950819672,0.02912621359223301,222.426957506181,0.2950310559006211,0.049689440993788817,18
Wed,6.2639643952323745,28.654752316444597,40.765220879397475,422.91591493490955,573.6539228389646,0.1111111111111111,0.018604651162790697,226.37694362902678,0.25846153846153846,0.052307692307692305,18
Fri,3.7075573691695625,52.96675277901019,,1120.640314233348,1376.9706216798193,0.0992063492063492,0.019138755980861243,346.61845937827604,0.3383233532934132,0.1317365269461078,19
Mon,3.112342709233564,23.18133541403788,86.00563009921461,1251.0338532936894,,0.11627906976744186,0.056338028169014086,120.17589664933008,0.0893371757925072,0.002881844380403458,19
Sat,1.7178449775937195,30.249721952007434,,1248.229375849068,1573.311696781905,0.1559633027522936,0.022727272727272728,427.42354490286306,0.25830258302583026,0.15498154981549817,19
Sun,3.5736714480033767,17.103527092172946,,1087.6502284850828,1461.0346229959587,0.08196721311475409,0.055,231.82663347821438,0.14423076923076922,0.0673076923076923,19
Thu,7.84387986512192,66.1626424619012,,1134.9478288365833,1311.2519731924224,0.1003584229390681,0.017167381974248927,336.67589719741187,0.3426183844011142,0.14484679665738162,19
Tue,3.740741828421198,109.70284034737907,,883.5899997558494,1046.1335355499268,0.11929824561403508,0.022123893805309734,368.972371175098,0.45403899721448465,0.15877437325905291,19
Wed,3.0717315903066966,65.68966970319548,,1152.147478475388,1320.8480882952847,0.09163346613545817,0.018691588785046728,309.3943052143427,0.35347432024169184,0.12386706948640483,19
Fri,5.403220681646594,44.892006310906076,84.76210612576051,937.2301199511197,1120.3713407566554,0.07380073800738007,0.017777777777777778,297.4862671352201,0.2672413793103448,0.14080459770114942,20
Mon,3.5826849346338223,21.24200423781419,156.73843797826794,,,0.099644128113879,0.04583333333333333,110.0591562852386,0.08021390374331551,0.0,20
Sat,6.632465411155075,33.95456897034121,40.99002349328748,1587.4946179722147,1883.5901209526526,0.058333333333333334,0.021164021164021163,474.0222565794876,0.3366013071895425,0.17973856209150327,20
Sun,2.8478676621471095,26.912192210834117,,1697.815174949287,1872.2413275679144,0.12719298245614036,0.041666666666666664,319.719146988992,0.21428571428571427,0.11224489795918367,20
Thu,3.711285709891644,29.386029838635707,119.30197299213614,727.5654130875672,889.5567237721756,0.07575757575757576,0.019230769230769232,277.46852881126404,0.30409356725146197,0.10818713450292397,20
Tue,3.804782860977732,60.95705351091545,154.72171187520917,267.997032155384,404.5619419241517,0.11904761904761904,0.028037383177570093,214.50532815946113,0.3373860182370821,0.0243161094224924,20
Wed,12.206045363847606,45.517049304459206,,295.27889704580264,481.52651394095216,0.10980392156862745,0.018957345971563982,200.42354711264284,0.2710843373493976,0.03614457831325301,20
Fri,2.338918446378463,48.9598375889701,,893.3999458483879,1088.7081026878034,0.11934156378600823,0.020100502512562814,325.4901950595137,0.33440514469453375,0.15112540192926044,21
Mon,5.231610554679795,31.823286428969222,40.96407927975088,704.402141309971,1037.3162609087624,0.11450381679389313,0.06334841628959276,155.62022631085958,0.12574850299401197,0.011976047904191617,21
Sat,1.387416575010092,21.069871998551797,,917.9236698602313,1233.5844761476058,0.09359605911330049,0.024691358024691357,397.94400475034456,0.29277566539923955,0.1634980988593156,21
Sun,4.651825369722507,12.557095740304574,,837.1854509604485,1085.6830853495717,0.11914893617021277,0.08121827411167512,244.40835597872874,0.1895424836601307,0.0784313725490196,21
Thu,4.56479088380939,66.71073738486473,,813.4293045580521,1022.996013904327,0.07142857142857142,0.01818181818181818,301.89622619760524,0.33045977011494254,0.14655172413793102,21
Tue,2.6126097039771046,36.867639354551265,,334.5777806427357,643.7566328501348,0.12267657992565056,0.0319634703196347,267.4073122570966,0.27113702623906705,0.11661807580174927,21
Wed,3.1451082861492687,35.37368324106478,,677.9719172230492,865.9002762708657,0.08812260536398467,0.01834862385321101,267.01034115265946,0.28012048192771083,0.12650602409638553,21
Fri,3.894759337094131,53.02123824251737,111.91457573228035,1470.2017965389825,1660.5835017573488,0.07894736842105263,0.018018018018018018,435.7045689174206,0.3226744186046512,0.13953488372093023,22
Mon,3.08652224351766,20.54918648002898,,,,0.1076388888888889,0.06896551724137931,107.03729966865194,0.04419889502762431,0.0,22
Sat,2.2406593278659845,44.840449415928894,,1555.1000089404586,1800.9926338632438,0.12554112554112554,0.020100502512562814,310.26269049865783,0.25666666666666665,0.06666666666666667,22
Sun,1.0432670359826528,14.103784643299285,,1388.6010950446782,1599.1831711186655,0.07216494845360824,0.0457516339869281,215.7301176161316,0.12048192771084337,0.05622489959839357,22
Thu,3.109534312614049,43.25853696347893,121.20540876001633,1070.046943440498,1282.711222858259,0.08943089430894309,0.020618556701030927,452.983869119107,0.35202492211838005,0.17133956386292834,22
Tue,16.109488020223118,92.28235821295615,86.18718936943787,575.4459543033762,814.9356526227994,0.08,0.024,378.3788780092633,0.37329700272479566,0.11171662125340599,22
Wed,7.459173237249381,87.1469586419761,193.72704785569067,818.3105400352108,1088.0688156993774,0.06521739130434782,0.01702127659574468,393.64157540174597,0.38440111420612816,0.116991643454039,22
Fri,5.433236597664659,40.3784779327372,35.21844993472814,595.2711754488386,801.1840952821663,0.145985401459854,0.0182648401826484,240.76885671470438,0.30903790087463556,0.07871720116618076,23
Mon,3.2404974785381206,34.20615902256494,58.32243834399469,,,0.09446254071661238,0.0326530612244898,124.7665609931516,0.09302325581395349,0.0,23
Sat,2.069671128901798,28.328142718579784,,854.8511078836955,1150.7467454804787,0.10116731517509728,0.01834862385321101,314.8962400979951,0.2546583850931677,0.12422360248447205,23
Sun,1.8034411068221836,18.57060924839716,,1389.45336347978,1544.2811002072247,0.092,0.050761421319796954,272.58755105658685,0.20382165605095542,0.08917197452229299,23
Thu,3.047800979344052,41.03232399982892,,235.14189427411353,360.13150916574756,0.10752688172043011,0.01762114537444934,187.16887276699956,0.26536312849162014,0.013966480446927373,23
Tue,2.8156074367694743,40.32791102222786,,346.7504455313491,515.2708879418386,0.0967741935483871,0.02092050209205021,203.6149859474873,0.2689075630252101,0.03081232492997199,23
Wed,4.5894095890774524,48.85148695479027,,76.09356122812196,169.7103075104243,0.10460251046025104,0.018867924528301886,175.86695040229893,0.25,0.00625,23
Fri,4.933116116309744,15.804287140042135,32.80285192927386,2290.5589037561267,2468.0313455078435,0.068,0.01951219512195122,459.00376844966473,0.24169184290030213,0.14803625377643503,24
Mon,5.103577440721265,28.23997841599132,44.42143349172087,,,0.0782312925170068,0.036585365853658534,135.3009243911905,0.10354223433242507,0.0,24
Sat,2.7226898451035124,32.99728954972221,,2432.6483934494945,2612.2464527602237,0.10548523206751055,0.020100502512562814,481.5595045486475,0.27419354838709675,0.12258064516129032,24
Sun,2.5494988405369363,19.059960485194157,33.25838436966842,2290.9837655580104,2463.293857725616,0.10526315789473684,0.04838709677419355,155.20817093263372,0.11458333333333333,0.013888888888888888,24
Thu,7.3621582400003875,46.850029503022334,103.83019874431648,1817.384088974499,2101.372594316018,0.10830324909747292,0.01834862385321101,498.47321301823104,0.328042328042328,0.1746031746031746,24
Tue,1.9968938831884577,31.93878129828832,,1252.0015826808458,1334.3324506330782,0.09765625,0.024509803921568627,353.6636648126073,0.2884012539184953,0.1724137931034483,24
Wed,3.124148301696839,16.15784036433731,,1419.8075998166732,1709.8360485453431,0.07569721115537849,0.019704433497536946,367.15055385128477,0.21364985163204747,0.1543026706231454,24
Fri,4.8252228398091,36.810700473367504,,1274.0456918064672,1813.8914311755634,0.05782312925170068,0.015748031496062992,361.16638377907594,0.26519337016574585,0.11878453038674033,25
Mon,5.779080410959296,31.845855382417895,,,,0.11295681063122924,0.05622489959839357,119.97383185526573,0.058666666666666666,0.0,25
Sat,3.8453608131491714,34.90251555823899,38.807595132193455,1347.232409303946,1852.1025657560415,0.11336032388663968,0.0196078431372549,422.5005799791306,0.29283489096573206,0.1526479750778816,25
Sun,4.396758075277401,22.997613423160626,,1390.865707630382,1752.2104480030673,0.1141552511415525,0.017045454545454544,300.57627104122304,0.21926910299003322,0.09634551495016612,25
Thu,8.660948060971709,29.610646775366195,,1260.7491561099791,1878.7433376511192,0.09923664122137404,0.018691588785046728,429.93661460452574,0.25073746312684364,0.15339233038348082,25
Tue,3.607546669185887,27.871546065666145,74.07949451502736,623.5488650815781,853.1860328639206,0.0888030888030888,0.02912621359223301,290.6811588208914,0.2857142857142857,0.1094224924012158,25
Wed,3.5910551055343913,37.24287429227971,,945.1777881356822,1446.7631877432368,0.0989010989010989,0.018433179723502304,411.7243069505262,0.3258426966292135,0.18258426966292135,25
Fri,2.4069414526885096,49.38068871374989,92.13631660892709,736.9298357473664,944.1611849364957,0.07924528301886792,0.017857142857142856,290.4315569859708,0.3313782991202346,0.12316715542521994,26
Mon,5.033494062885183,44.891086698493275,171.08640631431354,664.0557435374618,868.271856095827,0.09824561403508772,0.04081632653061224,163.83497617849306,0.1320754716981132,0.0215633423180593,26
Sat,1.9213457394481699,38.43835305877351,262.4205755764956,809.6318042235134,1135.5451720583724,0.10204081632653061,0.019230769230769232,289.88802362749936,0.2826086956521739,0.13975155279503104,26
Sun,1.8397504957902864,25.525920772822836,,692.3927293206916,901.2777825697648,0.1532567049808429,0.06334841628959276,236.8255255884241,0.2515527950310559,0.11490683229813664,26
Thu,1.5700289510016934,32.314463854080444,62.07230600483581,933.7556714518878,1100.0270824590114,0.07380073800738007,0.016736401673640166,249.0112106461023,0.22562674094707522,0.10584958217270195,26
Tue,4.037468275782876,17.13890719466017,117.05597712494273,590.8290917678253,783.542114517229,0.1078838174273859,0.03076923076923077,248.16355879283162,0.2459546925566343,0.07766990291262135,26
Wed,8.720187230867515,33.62605997826135,,794.8919862028193,1044.022192429207,0.07246376811594203,0.017391304347826087,285.7507508833198,0.2737430167597765,0.12290502793296089,26
Fri,8.692597133016385,25.472483221044346,,810.2047271021371,1081.2097096816306,0.10358565737051793,0.019138755980861243,339.2210456229607,0.25157232704402516,0.13836477987421383,27
Mon,3.813505122474588,31.411818696889384,,428.11686942742443,578.2050072979093,0.1,0.0546218487394958,149.0384767838131,0.12637362637362637,0.0027472527472527475,27
Sat,1.8230114883892863,17.341501351411953,45.7753086554294,623.8566295142836,924.3647171784678,0.10138248847926268,0.02185792349726776,284.47463660428616,0.2490974729241877,0.1263537906137184,27
Sun,3.4379884061143366,25.02312061805113,55.331837370740686,634.4476446445375,917.3630651165173,0.11538461538461539,0.050505050505050504,261.99218352735016,0.26557377049180325,0.10491803278688525,27
Thu,4.478117575367808,27.030937997817066,,760.6028425976924,1023.3277053471137,0.09090909090909091,0.019138755980861243,317.14463126230095,0.27134146341463417,0.14329268292682926,27
Tue,2.7516087215188523,75.55325519279064,96.34581051442728,688.1414251381929,941.5180536997618,0.09507042253521127,0.02109704641350211,398.8374451660326,0.4005681818181818,0.13352272727272727,27
Wed,7.515284600540555,43.31589283498523,,716.2041445192457,959.833404158144,0.08921933085501858,0.017391304347826087,312.30492476818733,0.28328611898017,0.10764872521246459,27
Fri,5.516318281037804,65.84903805891504,139.85209050283447,2195.2407286641087,2389.4219535956963,0.11428571428571428,0.016736401673640166,470.45153271933793,0.3398876404494382,0.12921348314606743,28
Mon,8.739311069700538,28.033178517075466,,,,0.09602649006622517,0.05042016806722689,122.09268810223587,0.10052910052910052,0.0,28
Sat,3.9220748137150827,60.61212066335429,46.12140065823587,2148.0608883004807,2436.6007148831222,0.10687022900763359,0.017857142857142856,481.01951011530133,0.345565749235474,0.1345565749235474,28
Sun,4.346332391537824,29.886115733056084,,1945.200064245928,2273.3449159608117,0.0992063492063492,0.04672897196261682,223.02132525251713,0.15555555555555556,0.04126984126984127,28
Thu,4.7573890509247985,57.644886627342665,,1940.1189513335687,2139.0852324598204,0.10948905109489052,0.01809954751131222,489.6716949927359,0.3435754189944134,0.15363128491620112,28
Tue,5.117451578277822,72.81101464288338,84.83789738024643,776.7959981022993,984.8767845347522,0.10264900662251655,0.020242914979757085,351.9699266067122,0.38992042440318303,0.14323607427055704,28
Wed,3.127467497853224,79.4796244285836,196.25574281365698,1396.3707223792273,1710.216314063615,0.11235955056179775,0.01904761904761905,496.5302754946974,0.40294117647058825,0.18529411764705883,28
Fri,1.8420276083086207,53.53390016156619,131.20293697420266,1088.3973182179334,1322.0088287402602,0.12323943661971831,0.0163265306122449,310.67496027083524,0.2785515320334262,0.12256267409470752,29
Mon,5.691970419570729,26.73960361439005,133.0877869141841,373.64421509697553,501.1488037274165,0.06870229007633588,0.03225806451612903,161.21172167891484,0.1467065868263473,0.005988023952095809,29
Sat,1.5942234410393659,29.176329833823004,,469.3147294811296,884.0358416591047,0.08,0.020202020202020204,229.69298724322303,0.23278688524590163,0.08196721311475409,29
Sun,5.389080616215897,40.47233954625547,179.28251613711927,456.30963759190047,698.4645424915391,0.08658008658008658,0.04712041884816754,238.68653688192697,0.2760942760942761,0.09764309764309764,29
Thu,6.577162395336457,49.17041615436597,,1152.9773850488257,1409.5155059671408,0.09556313993174062,0.01593625498007968,327.95392943748914,0.273224043715847,0.13114754098360656,29
Tue,3.5299798485784954,20.918954288164954,59.714055697016796,882.4203373058443,1093.8132133312924,0.1018867924528302,0.03317535545023697,300.04195434031584,0.2912912912912913,0.15615615615615616,29
Wed,2.7679037769413233,24.58868820194398,112.41676508325304,1063.1950104575974,1272.0142067821237,0.09765625,0.018691588785046728,348.6512628484838,0.2777777777777778,0.14814814814814814,29
Fri,2.6822227797811817,36.57198483965091,51.97967068237267,1059.944485480174,1281.9879624106375,0.09523809523809523,0.018867924528301886,302.7926041165633,0.28059701492537314,0.1253731343283582,30
Mon,5.610156127177557,29.22135523627057,83.95047542677942,1310.8999029180077,,0.1099290780141844,0.058333333333333334,132.19723313058822,0.08086253369272237,0.0,30
Sat,3.2921498693672597,37.371202223366346,210.58493210444612,1202.3557750038292,1596.8724987674002,0.07203389830508475,0.02127659574468085,470.4204054121339,0.32051282051282054,0.15705128205128205,30
Sun,2.134753574835431,40.59091914554277,174.08175947954533,1407.9741549068208,1676.0777168138486,0.09765625,0.06572769953051644,244.47435592393333,0.19578313253012047,0.06325301204819277,30
Thu,6.465996173043527,49.11628849508989,,1009.6417847280129,1233.1296507265627,0.08833922261484099,0.01680672268907563,291.9001474462306,0.3028571428571429,0.13714285714285715,30
Tue,2.9546487809836672,93.86108873191915,72.60272331633541,588.7774886969033,931.3221455005271,0.10902255639097744,0.023696682464454975,386.82552087428866,0.4289772727272727,0.17045454545454544,30
Wed,4.564110906137221,58.843825519692636,63.758914955988985,937.2938344701469,1128.3498333902123,0.08712121212121213,0.0182648401826484,314.207138556709,0.36578171091445427,0.1504424778761062,30
Fri,5.451736552800274,32.28830988886852,108.55615389915874,2033.54003709222,2275.1361119654134,0.06792452830188679,0.018518518518518517,439.92816460580946,0.2757660167130919,0.14484679665738162,31
Mon,13.596415237061269,50.07778591984396,,,,0.11864406779661017,0.04897959183673469,144.6830824914774,0.08970976253298153,0.002638522427440633,31
Sat,2.208950823611257,20.50919457777389,,2225.2735370564383,2443.89718631255,0.09361702127659574,0.020100502512562814,467.7597682119882,0.24548736462093862,0.1299638989169675,31
Sun,2.4867738284969065,10.856837601143278,,1852.3460911233508,2077.0970982969666,0.09387755102040816,0.04433497536945813,211.53087326469358,0.12416107382550336,0.04697986577181208,31
Thu,6.70868341353792,32.32368506661338,81.75133252353407,1516.8791638251714,1679.5334463801275,0.1417624521072797,0.01904761904761905,400.6780649333744,0.286144578313253,0.16265060240963855,31
Tue,4.634952832540302,117.60426384705255,46.76510164122374,732.7747935820652,813.0262361597336,0.11589403973509933,0.028112449799196786,326.9647463004991,0.41114058355437666,0.11671087533156499,31
Wed,3.100108726024043,48.33224538308852,76.85407768038908,1241.3397274323572,1379.224245711715,0.109375,0.0196078431372549,371.2501140716347,0.3151515151515151,0.1696969696969697,31
Fri,6.28663845077829,50.321176171393404,143.27633958865863,174.1583121264409,474.0269402369192,0.09561752988047809,0.018957345971563982,217.52208253583538,0.26586102719033233,0.0513595166163142,32
Mon,12.707901277576555,53.23086811722476,103.11340899258721,260.0268858330263,372.7902834224926,0.1,0.03187250996015936,177.85859741350544,0.18635170603674542,0.0026246719160104987,32
Sat,2.411784437947551,29.48079693827832,,121.84112681226347,328.25059223991485,0.1015625,0.018518518518518517,168.99300791291896,0.22186495176848875,0.01607717041800643,32
Sun,2.568599693547085,19.973066255783397,,290.91456226416227,443.9045602811659,0.12757201646090535,0.04411764705882353,189.4258133139135,0.2159468438538206,0.03986710963455149,32
Thu,1.9181442117967775,39.29142053087892,,116.279051846072,368.5162357905407,0.0860655737704918,0.019704433497536946,222.43480861762364,0.2978723404255319,0.03951367781155015,32
Tue,2.1773825147965242,17.950211457493694,,114.04031143804944,386.98836915168727,0.12083333333333333,0.023696682464454975,168.93742527017517,0.167192429022082,0.0473186119873817,32
Wed,4.410184304070742,36.40954732660214,122.20341900619133,174.25314596560068,381.76590209755955,0.10756972111553785,0.019417475728155338,191.12256438930112,0.2579710144927536,0.02608695652173913,32
Fri,4.112502043620271,58.05737404981993,65.70948479377785,1409.9471337028197,1552.8055204692469,0.09427609427609428,0.01646090534979424,398.81150072479244,0.35656836461126007,0.1742627345844504,33
Mon,12.6876124190534,40.515207518135874,,,,0.09385113268608414,0.044,133.41426464070156,0.09898477157360407,0.0,33
Sat,3.0475757999773063,47.563974375119294,36.81630906879309,1423.7839374109178,1628.128952737455,0.11693548387096774,0.018957345971563982,376.2385498716138,0.29354838709677417,0.14838709677419354,33
Sun,4.018766639371308,24.79659741454448,159.6235275965646,1505.0934829072312,1631.2057837328339,0.1225296442687747,0.0673076923076923,314.7079355332894,0.21241830065359477,0.11437908496732026,33
Thu,4.109792407882385,33.11164190317248,41.0917539415841,991.9151930624874,1102.6204113058568,0.11481481481481481,0.017241379310344827,260.0242870948099,0.21965317919075145,0.11849710982658959,33
Tue,8.881960014241677,133.1837495499221,,706.8938480876847,937.9461287022452,0.10749185667752444,0.023529411764705882,359.687884450419,0.48578811369509045,0.1421188630490956,33
Wed,2.7104719794146623,66.73856764097467,,943.732140201995,1265.558967278959,0.14937759336099585,0.02,347.4507222839569,0.33650793650793653,0.13968253968253969,33
Fri,5.393739530730707,23.12584819659371,,616.0673305902077,912.4373599778418,0.1285140562248996,0.019230769230769232,241.79021717071998,0.24074074074074073,0.11728395061728394,34
Mon,4.799198842735853,25.345854486848058,,584.5939165736678,763.7872172986756,0.09642857142857143,0.045871559633027525,169.62209611128128,0.141643059490085,0.028328611898016998,34
Sat,2.3697507300475142,14.408800675143585,193.68179309632797,482.9488775097064,689.9409050827172,0.1141552511415525,0.022598870056497175,231.42500429019773,0.25448028673835127,0.08602150537634409,34
Sun,1.3809813455215327,11.092524725615904,37.97251710731325,657.9688050045064,879.8484976047528,0.0851063829787234,0.07329842931937172,255.68197483825006,0.26973684210526316,0.10197368421052631,34
Thu,2.8358872346107815,20.6850257519407,,411.5950803830751,591.8522933369039,0.07692307692307693,0.020942408376963352,207.34452037541666,0.24503311258278146,0.04966887417218543,34
Tue,4.721539812652991,82.03117378271075,,190.63445204466723,399.2858365303756,0.124,0.03414634146341464,246.29601549270248,0.3768545994065282,0.032640949554896145,34
Wed,5.085550648961432,45.013989474545134,161.015560125114,450.1240777351533,585.9812272179718,0.09859154929577464,0.0163265306122449,221.65885780732967,0.2747875354107649,0.042492917847025496,34
Fri,9.998629646289787,68.78726162263898,65.75817683383866,2379.7284688351724,2640.317464507807,0.09215017064846416,0.01680672268907563,613.5852836647156,0.3601108033240997,0.16620498614958448,35
Mon,3.9751786804276645,23.74417453738754,50.217189979655814,,,0.1198501872659176,0.048672566371681415,110.2569753420449,0.059490084985835696,0.0,35
Sat,2.094371423692433,23.173196930079484,,2694.6880757233366,2897.16718970279,0.1179245283018868,0.022727272727272728,469.84119732977064,0.22180451127819548,0.11278195488721804,35
Sun,2.6456227566982955,16.657085445930367,,2550.8552437277363,2661.8824495480276,0.10504201680672269,0.047619047619047616,122.71788550592004,0.06818181818181818,0.0,35
Thu,8.792837110273453,102.50715809671577,48.68309106349261,1999.6768561021765,2195.5114515678956,0.06666666666666667,0.016260162601626018,524.4774980002866,0.4083769633507853,0.15968586387434555,35
Tue,12.803383271912741,166.66790515985213,,1271.9332935104824,1470.8228963302229,0.11349693251533742,0.018867924528301886,469.7127706644827,0.5048309178743962,0.18840579710144928,35
Wed,2.9047548308324025,76.44105572422791,107.63987770857602,1700.1858178333416,1842.8228343829776,0.0842911877394636,0.018604651162790697,428.62708045868266,0.3421828908554572,0.1415929203539823,35
Fri,2.0899873082218146,35.17928921086974,,473.71364317732616,745.0123816614181,0.10276679841897234,0.018957345971563982,310.7215131990716,0.27469135802469136,0.12962962962962962,36
Mon,5.41550248054386,35.83962936360592,73.65855000658303,450.92094213585915,649.41186264446,0.06752411575562701,0.030534351145038167,147.647035774218,0.09610389610389611,0.012987012987012988,36
Sat,1.8427467473119135,41.42775499914667,53.4252565190327,592.7582097444196,849.6549066791218,0.12053571428571429,0.02127659574468085,320.59989112115255,0.3217993079584775,0.11764705882352941,36
Sun,3.379716130168211,33.80895226814599,88.96746646205156,424.6210568926769,692.9553308937716,0.09777777777777778,0.03626943005181347,263.1225959670286,0.2733333333333333,0.09333333333333334,36
Thu,2.6165415534725422,32.43281017100986,,556.5880617146179,794.1300099313121,0.11210762331838565,0.022099447513812154,336.4307839781761,0.28040540540540543,0.12162162162162163,36
Tue,4.976972708108259,87.22786579003517,,464.1905630710867,636.720730217611,0.11913357400722022,0.025210084033613446,239.62254380100273,0.35376044568245124,0.04178272980501393,36
Wed,1.6729606384545592,63.6072302655575,,551.2075817239709,716.8905431751489,0.06870229007633588,0.01818181818181818,275.38923398495973,0.345565749235474,0.0856269113149847,36
Fri,1.8831910142651862,53.550092143876185,,632.0231770279548,823.8388828993038,0.08928571428571429,0.01646090534979424,248.64057386550903,0.28285714285714286,0.08571428571428572,37
Mon,5.095299797599045,22.972811695096503,,281.75090979893656,376.7708285280528,0.07958477508650519,0.038461538461538464,145.3219332255846,0.13150684931506848,0.0,37
Sat,2.521784560356861,28.69390301947562,,383.29765487389915,607.3738546612093,0.09745762711864407,0.01951219512195122,216.33247312688158,0.2996632996632997,0.04713804713804714,37
Sun,3.4699287689410747,26.57696638955224,,447.094941904658,624.9787506319213,0.078125,0.0410958904109589,212.45223434134303,0.24382716049382716,0.08024691358024691,37
Thu,4.432007610530892,22.99884958089497,39.64884810479998,738.1785067138514,912.339272242429,0.0763888888888889,0.017467248908296942,274.8349506425574,0.2988826815642458,0.10614525139664804,37
Tue,3.752676573192428,75.97062484308431,,450.0009871941749,609.721457598614,0.10067114093959731,0.0205761316872428,251.36413710141895,0.38421052631578945,0.05789473684210526,37
Wed,4.9096352300408785,42.09651222877409,35.686700681962975,567.7839293494226,727.0065777492403,0.0944206008583691,0.020942408376963352,274.5873596008488,0.32051282051282054,0.11217948717948718,37
Fri,4.515017491101234,41.92735079151659,,1794.4089615147868,2083.9527782323407,0.06513409961685823,0.017699115044247787,373.96467390146216,0.2630057803468208,0.11560693641618497,38
Mon,2.3122919792334784,27.521288063895305,,1378.2903005504031,,0.072992700729927,0.017937219730941704,130.6889983790682,0.09329446064139942,0.0058309037900874635,38
Sat,2.8336064161876937,24.049259235435166,139.93448661112052,1461.9125832154525,1923.2310320083034,0.09210526315789473,0.02185792349726776,475.08556075767103,0.2762237762237762,0.16433566433566432,38
Sun,1.8747825269752536,28.15432687036189,51.366491130877876,1408.286118970007,1676.5137587990603,0.10434782608695652,0.06735751295336788,220.3904178010771,0.17114093959731544,0.053691275167785234,38
Thu,3.378332390307558,14.944576638265621,,1718.259827941819,2072.714371649371,0.07954545454545454,0.018957345971563982,461.8635933039748,0.24242424242424243,0.16363636363636364,38
Tue,5.960631522519123,28.94527663857503,51.043371485274974,1181.803579015811,1754.365925870093,0.10236220472440945,0.034482758620689655,450.6935909701068,0.28134556574923547,0.1620795107033639,38
Wed,6.799675887556918,34.218295144144015,,1407.13912089062,2019.1473836164944,0.0784313725490196,0.01932367149758454,452.53429549749734,0.2710843373493976,0.15060240963855423,38
Fri,6.727147106118937,36.65183559317527,,438.8824762684093,595.1566567860816,0.10305343511450382,0.01834862385321101,227.12041827409396,0.3203592814371258,0.038922155688622756,39
Mon,6.425976750306478,31.793437899739438,,378.7981773169954,553.4565422142376,0.07931034482758621,0.046218487394957986,170.7534226115126,0.12195121951219512,0.024390243902439025,39
Sat,1.9135840601622314,34.656037128396335,,240.70238848798382,427.7881851618077,0.09012875536480687,0.020512820512820513,218.22681213327505,0.2913907284768212,0.04304635761589404,39
Sun,3.1169189694174446,40.17491707516715,54.85155562999353,172.23957882315597,453.16244051563825,0.1018867924528302,0.06607929515418502,251.03355460024886,0.3069908814589666,0.10030395136778116,39
Thu,3.45298670649342,35.46571922364404,130.58346881624706,367.1598656248915,477.7877210582662,0.07633587786259542,0.0182648401826484,208.68926046023103,0.26993865030674846,0.03987730061349693,39
Tue,4.875247823491059,97.92943174267766,175.60342804177117,185.15048755318577,295.92474405845184,0.0962962962962963,0.030303030303030304,214.5989472800887,0.30701754385964913,0.014619883040935672,39
Wed,12.50400221489899,58.393681147113526,,81.87688905864981,231.72781025972802,0.07630522088353414,0.019138755980861243,187.1788593845767,0.2536873156342183,0.011799410029498525,39
Fri,10.159566337289116,46.848274955974226,79.80777924343602,2765.454431166158,3023.6483971964512,0.0830188679245283,0.01904761904761905,673.1434297272376,0.35311572700296734,0.17507418397626112,40
Mon,9.756911519419617,63.94571492157921,113.47216583724367,,,0.11231884057971014,0.0635593220338983,144.36758761367756,0.11671087533156499,0.002652519893899204,40
Sat,3.0086203592152403,16.95545498475862,76.21282145994428,3082.126263818079,3361.028149146705,0.12307692307692308,0.018691588785046728,385.87000149079586,0.17405063291139242,0.0759493670886076,40
Sun,3.1822155813932143,38.503863950167215,,,,0.12757201646090535,0.03431372549019608,164.69051832440948,0.18461538461538463,0.009230769230769232,40
Thu,5.887546747891045,50.59808790705765,52.653918360001626,1995.1066818624172,2150.190084642301,0.10869565217391304,0.018604651162790697,522.4207133221126,0.31339031339031337,0.18518518518518517,40
Tue,3.5398452197666326,27.056142473128233,,1028.5153120710124,1192.4453507988505,0.10305343511450382,0.02403846153846154,319.56420911136297,0.27011494252873564,0.15804597701149425,40
Wed,2.2558504563584503,39.42738186181611,,1305.0532053786242,1411.8386428174722,0.09230769230769231,0.018867924528301886,360.7270976782437,0.32238805970149254,0.16119402985074627,40
Fri,6.624507780540569,47.46286883970142,,1572.6342266385964,1815.863748789682,0.07857142857142857,0.017316017316017316,421.7341047716441,0.2801120448179272,0.1568627450980392,41
Mon,3.8618989769174927,16.552097821441503,32.47906007791062,,,0.09712230215827339,0.03317535545023697,114.71055566419733,0.06989247311827956,0.002688172043010753,41
Sat,1.2731855484659924,15.110101425804205,165.16161821091555,1556.5772743713408,1841.615289287096,0.09345794392523364,0.02185792349726776,396.5511771743831,0.23722627737226276,0.1386861313868613,41
Sun,3.157616652423552,12.24238191315472,,1396.722941976864,1531.8594974360208,0.11328125,0.057971014492753624,236.3176175700591,0.17647058823529413,0.07739938080495357,41
Thu,7.035262473848471,31.94116300942725,131.38177814153278,1335.9036769717454,1560.6697521859703,0.10606060606060606,0.017699115044247787,317.5934871751672,0.26176470588235295,0.12058823529411765,41
Tue,4.059005758091441,54.108627500496155,,716.7438246052906,873.7488444566176,0.09090909090909091,0.02358490566037736,283.8197840102179,0.3343108504398827,0.093841642228739,41
Wed,6.689600550130031,36.97912904243349,89.62862399475716,1147.1272023779254,1405.0432156715156,0.1044776119402985,0.0182648401826484,352.506780126164,0.27298850574712646,0.14655172413793102,41
Fri,4.657609340616518,25.867524263925983,,1480.2756746137993,1668.0596764872098,0.09961685823754789,0.018691588785046728,365.5306711112518,0.26666666666666666,0.1484848484848485,42
Mon,16.763967271799114,38.282616517624184,114.87000754822293,,,0.06884057971014493,0.03896103896103896,122.6998373919078,0.0659025787965616,0.0,42
Sat,2.846916859466352,32.62680925373439,,1505.892623360646,1740.852316863854,0.08745247148288973,0.017857142857142856,384.32930513055425,0.30030959752321984,0.13622291021671826,42
Sun,3.598818145732195,27.335709093393966,62.66599867699824,1589.2280247053357,1772.8352757537898,0.100418410041841,0.020618556701030927,279.25428818051165,0.17857142857142858,0.07792207792207792,42
Thu,3.4215534149970233,26.08435179218073,107.21116950059604,1453.0243776335706,1624.2607843310157,0.084070796460177,0.020618556701030927,312.42981178508944,0.23389830508474577,0.11864406779661017,42
Tue,3.6953286999528583,31.107851795619144,89.71054725619831,681.0813201295771,930.6684716762486,0.09090909090909091,0.022222222222222223,296.75435710497146,0.2680722891566265,0.13855421686746988,42
Wed,3.083148049659848,24.027199955686164,,1237.3586535266438,1394.3577140661812,0.07432432432432433,0.01694915254237288,389.8699638770117,0.29649595687331537,0.1752021563342318,42
Fri,1.9445516285621471,34.97023384948296,116.89876910335806,466.52570351898396,666.9928323611196,0.06967213114754098,0.019801980198019802,233.58208209745314,0.29449838187702265,0.05825242718446602,43
Mon,4.658509827455598,39.52114249862781,135.57690996820747,838.8869922408077,1298.5679008540592,0.08013937282229965,0.029045643153526972,135.70301790203317,0.08776595744680851,0.0,43
Sat,2.881589091957023,19.54250577257584,,629.1137797975896,847.5184717344504,0.11764705882352941,0.02185792349726776,225.34378507609787,0.23208191126279865,0.06825938566552901,43
Sun,3.2109488341333288,21.144392579796946,,727.3737139575892,997.1347786446963,0.1092436974789916,0.046632124352331605,269.7240677623496,0.24836601307189543,0.12745098039215685,43
Thu,5.653839856481835,75.97881990149943,,191.6650170395405,301.7046419928806,0.10943396226415095,0.017857142857142856,222.72462932365733,0.3397790055248619,0.011049723756906077,43
Tue,9.609664606905323,96.91801225875123,,219.87122512771862,330.58701117798626,0.10416666666666667,0.02074688796680498,229.9465479728633,0.37637362637362637,0.013736263736263736,43
Wed,4.903449950992039,70.19264351173138,38.010363231170686,206.6345963203904,400.48848146633753,0.13333333333333333,0.01762114537444934,221.75158176638297,0.3296398891966759,0.019390581717451522,43
Fri,1.6740663049944662,42.43242235788178,,758.4755191946617,898.205490178972,0.1067193675889328,0.019138755980861243,259.54406804569606,0.2934131736526946,0.11976047904191617,44
Mon,7.263875249557101,50.16736275405613,136.5162866501778,907.0930104302946,,0.1099290780141844,0.07111111111111111,145.23566857455737,0.1298342541436464,0.0027624309392265192,44
Sat,1.8711943177514758,17.019131015442717,248.77813220180542,684.9675210752239,835.8913831440086,0.10679611650485436,0.023255813953488372,238.262378347358,0.24253731343283583,0.08208955223880597,44
Sun,1.9871611035135204,40.76603165480947,46.64112069545445,750.8061598313482,1086.625861400503,0.0962962962962963,0.05188679245283019,313.3053855321232,0.311614730878187,0.141643059490085,44
Thu,2.2760160388059054,54.851291162742264,70.42348653225963,718.1069820334357,879.3227809500986,0.11450381679389313,0.01762114537444934,257.6456164116231,0.290519877675841,0.10091743119266056,44
Tue,6.388818953764607,57.796145361222585,48.38910456615122,704.1410579797766,922.7344208138757,0.07692307692307693,0.023809523809523808,267.74093281775265,0.3063583815028902,0.08670520231213873,44
Wed,5.1232502603341175,40.872111285381685,58.40775212549079,855.2323764326864,982.5873851304653,0.09019607843137255,0.018518518518518517,264.0633330118521,0.2991202346041056,0.12023460410557185,44
Fri,3.0530599831001943,71.45701633493834,154.5036867383833,1727.7157683958856,1932.831904547997,0.10264900662251655,0.016,533.8174080435487,0.33608815426997246,0.1763085399449036,45
Mon,3.052336854148957,51.43854451200826,36.699526615817376,,,0.10238907849829351,0.06995884773662552,146.36685789792372,0.12532637075718014,0.0026109660574412533,45
Sat,1.1013091946972073,62.932725538322174,111.08499296325044,2198.5557811873937,2424.062979485201,0.1036036036036036,0.022857142857142857,562.7278223409564,0.3219178082191781,0.1506849315068493,45
Sun,3.1330729497751526,32.94860956853416,,1976.2632647910873,2208.3493958402064,0.11904761904761904,0.05238095238095238,167.8571583303648,0.16463414634146342,0.012195121951219513,45
Thu,5.319320838921251,45.09787836645671,65.47186282505754,1309.747814196827,1528.9170098766397,0.10256410256410256,0.017699115044247787,388.971035627433,0.32941176470588235,0.15294117647058825,45
Tue,2.9955060744550406,31.17796768129935,34.61821617842861,1127.2900631589566,1333.5847678277732,0.0784313725490196,0.023474178403755867,360.1429671839242,0.2981366459627329,0.14285714285714285,45
Wed,2.40158699270843,35.302181251032756,,1249.9830082727967,1368.3886729135454,0.09689922480620156,0.018957345971563982,343.4958197312704,0.28273809523809523,0.15476190476190477,45
Fri,3.5881875217966614,42.48503790203881,130.78602547518676,2099.749175247442,2347.0984857263265,0.10902255639097744,0.018691588785046728,527.1774535371545,0.29608938547486036,0.17039106145251395,46
Mon,8.048449918263463,33.8451703469613,60.87451651533411,,,0.1262135922330097,0.05263157894736842,124.13871557476223,0.07124681933842239,0.0,46
Sat,1.7292291468684875,29.02043804593599,,1909.1659128519577,2203.0219159958633,0.09345794392523364,0.021739130434782608,388.2420521901604,0.27796610169491526,0.1152542372881356,46
Sun,1.7752955070416634,16.70301629425505,,1637.95753241262,1809.149839217138,0.07111111111111111,0.0213903743315508,252.72260748780278,0.1701388888888889,0.0763888888888889,46
Thu,7.242226103603374,31.86092841717575,94.89100310581034,1671.5001577838068,1863.9577823130162,0.12692307692307692,0.01904761904761905,397.93505918206114,0.26548672566371684,0.1592920353982301,46
Tue,8.814460902063102,57.86098042002632,151.6093452304251,766.1252264232692,909.9882558533214,0.09090909090909091,0.01968503937007874,294.9965187762005,0.35340314136125656,0.09947643979057591,46
Wed,4.00344743615286,38.125362515673665,165.28793190084434,1286.2251483726845,1420.954140361449,0.06639004149377593,0.020618556701030927,363.6953391700322,0.3081761006289308,0.16352201257861634,46
Fri,2.7984261579432865,19.843954782618006,44.127051747071164,1663.9932615878836,1947.9485384824104,0.10810810810810811,0.018779342723004695,479.79693322695266,0.23939393939393938,0.15454545454545454,47
Mon,3.768447472115556,31.566060676156194,85.99765949556968,,,0.09352517985611511,0.04721030042918455,124.28172547346566,0.06666666666666667,0.0,47
Sat,4.177760350488601,20.33084417920283,,2319.602011427087,2525.236930911833,0.09259259259259259,0.01809954751131222,543.2798855409203,0.2522255192878338,0.1513353115727003,47
Sun,2.3580675794532766,19.85896257193014,,2653.4746689241365,,0.11009174311926606,0.049723756906077346,135.69700826093597,0.12280701754385964,0.007017543859649123,47
Thu,6.072152713666252,30.568793940009666,,1210.714877870546,1558.7225911286037,0.11447811447811448,0.0163265306122449,419.02919991855305,0.2676056338028169,0.15492957746478872,47
Tue,4.833148564511793,43.696139212950484,,520.5161567456621,673.3074158906147,0.1263537906137184,0.0211864406779661,213.31734894067654,0.26822157434402333,0.04664723032069971,47
Wed,12.33449602064232,28.262632487838857,64.21563766708778,840.6049094558708,1082.7608637005117,0.10714285714285714,0.01809954751131222,349.3731187708088,0.2619718309859155,0.14084507042253522,47
Fri,4.453852777804161,35.71553602926841,,1202.666553811342,1454.4326466826026,0.09274193548387097,0.019704433497536946,362.88022500606905,0.2897196261682243,0.14953271028037382,48
Mon,6.094603696472285,32.04103945416752,194.17212909228874,,,0.10819672131147541,0.03474903474903475,130.39373665328998,0.08376963350785341,0.005235602094240838,48
Sat,5.182014164658193,30.57507136781253,,1466.7683866107575,1741.6335979356425,0.10407239819004525,0.022727272727272728,398.2984321369456,0.29292929292929293,0.1414141414141414,48
Sun,1.4912578830198269,13.586083549261325,,1473.0582299339726,1719.2119040552395,0.14285714285714285,0.05235602094240838,184.06231081910155,0.13398692810457516,0.042483660130718956,48
Thu,2.2309449855815755,19.098730475264997,129.12582111872143,1064.8568145514314,1240.815640276117,0.09774436090225563,0.018518518518518517,339.93017398610664,0.29012345679012347,0.1697530864197531,48
Tue,5.206434335364581,20.48485015704182,,391.605728807956,541.3765544050663,0.08394160583941605,0.03111111111111111,190.8021009810239,0.24786324786324787,0.04843304843304843,48
Wed,4.281331910062956,35.980924669374,,834.390446781039,953.1136620487264,0.1510791366906475,0.01834862385321101,299.78183609568447,0.29080118694362017,0.11869436201780416,48
Fri,2.8137126832473,33.45400962413756,80.4042735088248,1408.1135419138475,1774.1762361587882,0.09765625,0.019138755980861243,466.79906321100265,0.2904191616766467,0.15568862275449102,49
Mon,5.9293752769858585,41.46990677833344,,,,0.07947019867549669,0.01968503937007874,131.51122644040203,0.09844559585492228,0.0,49
Sat,1.8569986103745295,25.49327063376124,,1423.1767254950767,1906.5493018050222,0.1125,0.020100502512562814,418.83507271479476,0.2532467532467532,0.1331168831168831,49
Sun,2.4379212883587904,19.586783731222365,,1406.2011677125524,1716.3371752551056,0.13432835820895522,0.0593607305936073,216.48287998228915,0.17701863354037267,0.059006211180124224,49
Thu,3.083616742120972,44.660599703816374,76.71791737015019,1114.6886872891307,1416.2936579819113,0.08627450980392157,0.019138755980861243,387.18222513631883,0.33430232558139533,0.15988372093023256,49
Tue,10.91184557447934,26.618242158054713,,703.0203401106664,900.0636628808363,0.07942238267148015,0.0211864406779661,238.46370129396442,0.2318840579710145,0.11594202898550725,49
Wed,2.3736320274959692,20.7030886948655,,851.7566451391478,1058.4745775274396,0.08835341365461848,0.0196078431372549,291.5620449640368,0.24012158054711247,0.14285714285714285,49
Fri,6.412395401062316,82.08144515102613,41.74524613017729,446.7532138401704,755.166527012209,0.13402061855670103,0.01702127659574468,376.29598451424744,0.3819628647214854,0.1273209549071618,50
Mon,4.402808821643977,29.078209706214828,,222.669462655318,503.79886571806287,0.07446808510638298,0.03070175438596491,134.5555077102784,0.1043956043956044,0.0027472527472527475,50
Sat,1.4654993227267543,43.59557259179881,,662.2273947515168,1119.1967424524769,0.10526315789473684,0.023668639053254437,413.9076908553232,0.29411764705882354,0.13602941176470587,50
Sun,3.15071807410189,11.059047835263817,183.92786923469066,474.01384172083976,961.5883384110894,0.12442396313364056,0.04864864864864865,167.67688079917235,0.1552346570397112,0.04332129963898917,50
Thu,5.145532710610181,46.82076855747937,,131.52193970443147,400.19273772612655,0.057777777777777775,0.02127659574468085,260.3580571936166,0.26732673267326734,0.07260726072607261,50
Tue,3.31795891066644,51.8860674771524,44.787216269600094,166.59675707650482,385.39413586267943,0.10852713178294573,0.0228310502283105,237.74026641436149,0.3203592814371258,0.06287425149700598,50
Wed,2.352171437585721,62.50318026387808,,135.78921043423352,372.4032603795034,0.1,0.017777777777777778,226.98121627088986,0.32753623188405795,0.03768115942028986,50
